judul_posisi,nama_perusahaan,lokasi,pendidikan,deskripsi,kualifikasi,link_lowongan,portal_sumber,keyword_sumber
Staff Admin Sales & Marketing,PT Limas Sentosa Antar Nusa,"Surabaya, Jawa Timur",D3,LOWONGAN KERJA PERUSAHAAN BLOG UNDUH APP GLINTS INDONESIAN DAFTAR MASUK UNTUK PERUSAHAAN Pekerjaan/Lokasi/Jawa Timur/Surabaya/ Staff Admin Sales & Marketing Staff Admin Sales & Marketing PT Limas Sentosa Antar Nusa Rp3.000.000 - 4.000.000/Bulan · Bonus Rp0 - 1.000.000/month Marketing Sales Marketing Penuh Waktu · Kerja di lokasi Minimal Diploma (D1 - D4) 1 - 3 tahun pengalaman Tayang 4 bulan yang lalu Diperbarui 19 hari yang lalu LAMAR & CHAT DI APLIKASI LAMAR Persyaratan Kerja di lokasi 1 - 3 tahun pengalaman Minimal Diploma (D1 - D4) 22-35 tahun Skills B2B Sales Sales and Marketing Marketing Strategy B2B Marketing Affiliate Marketing Marketing Communications Sales Strategy Sales Management Benefit Kerja Career Path Sales Commission Perform Bonus THR Loker ini dikelola oleh Limas Express Perusahaan Premium Online kemarin Deskripsi pekerjaan Staff Admin Sales & Marketing PT Limas Sentosa Antar Nusa Jika kamu: Senang membangun relasi dan bicara dengan banyak orang. Tertarik di dunia pem,admin,https://glints.com/id/opportunities/jobs/staff-admin-sales-and-marketing/f0a95e27-6f69-4a64-bf20-582dae2fbd42,Glints,admin
Dicari staff Admin Penjualan & Marketing,Anugerah Global Market,"Jakarta Barat, DKI Jakarta",S1,LOWONGAN KERJA PERUSAHAAN BLOG UNDUH APP GLINTS INDONESIAN DAFTAR MASUK UNTUK PERUSAHAAN Pekerjaan/Lokasi/DKI Jakarta/Jakarta Barat/ Dicari staff Admin Penjualan & Marketing Dicari staff Admin Penjualan & Marketing Anugerah Global Market Rp4.000.000 - 5.000.000/Bulan Administrasi & HRD Admin Penuh Waktu · Kerja di lokasi Minimal Sarjana (S1) 1 - 3 tahun pengalaman Tayang 2 hari yang lalu Diperbarui 2 hari yang lalu LAMAR & CHAT DI APLIKASI LAMAR Persyaratan Kerja di lokasi 1 - 3 tahun pengalaman Minimal Sarjana (S1) Skills Administration Customer Service Office Administration Microsoft Excel Teamwork Google Sheets Microsoft Office Loker ini dikelola oleh CS Christopher Salim Perusahaan Premium Online 2 jam yang lalu Deskripsi pekerjaan Dicari staff Admin Penjualan & Marketing Anugerah Global Market Dicari staff Admin Penjualan & Marketing Persyaratan : Pria/Wanita Pendidikan Min. S1 Akuntansi Pengalaman Min. 2 tahun pada bidangnya Menguasai akuntansi dasar & laporan keuangan Dapat meng,admin,https://glints.com/id/opportunities/jobs/dicari-staff-admin-penjualan-and-marketing/53500c1a-3b86-47f9-b55f-727b9256c050,Glints,admin
Staf Admin Sales,Viona by Bonita,"Surabaya, Jawa Timur",SMK,"LOWONGAN KERJA PERUSAHAAN BLOG UNDUH APP GLINTS INDONESIAN DAFTAR MASUK UNTUK PERUSAHAAN Pekerjaan/Lokasi/Jawa Timur/Surabaya/ Staf Admin Sales Staf Admin Sales Viona by Bonita Perusahaan tidak menampilkan gaji Administrasi & HRD Admin Penuh Waktu · Kerja di lokasi Minimal SMA/SMK 1 - 3 tahun pengalaman Tayang 8 bulan yang lalu Diperbarui Kemarin LAMAR & CHAT DI APLIKASI LAMAR Persyaratan Kerja di lokasi 1 - 3 tahun pengalaman Minimal SMA/SMK 22-35 tahun Perempuan saja Skills Data Entry Microsoft Outlook Google Docs Office Administration Teamwork Administration Customer Service Organizational Skills Microsoft Excel Google Sheets Microsoft Office Loker ini dikelola oleh Viona Bonita Perusahaan Premium Online kemarin Deskripsi pekerjaan Staf Admin Sales Viona by Bonita Kualifikasi: * Wanita, usia maksimal 35 tahun * Menguasai dan Mahir mengoperasikan Microsoft Excel dan Office (Vlookup, Pivot jadi nilai plus). * Teliti, bertanggung jawab, dan mampu bekerja sama dalam tim * Memiliki komun",admin,https://glints.com/id/opportunities/jobs/staf-admin-sales/7219b11c-2e67-4f2e-862a-76beb57df1cc,Glints,admin
Staff Admin Penjualan,CV Mitra Karya Abadi (Genny Shoes),"Kab. Deli Serdang, Sumatera Utara",SMK,"LOWONGAN KERJA PERUSAHAAN BLOG UNDUH APP GLINTS INDONESIAN DAFTAR MASUK UNTUK PERUSAHAAN Pekerjaan/Lokasi/Sumatera Utara/Kab. Deli Serdang/ Staff Admin Penjualan Staff Admin Penjualan CV Mitra Karya Abadi (Genny Shoes) Rp2.000.000 - 3.500.000/Bulan Administrasi & HRD Admin Penuh Waktu · Kerja di lokasi Minimal SMA/SMK 1 - 3 tahun pengalaman Tayang 19 hari yang lalu Diperbarui 2 hari yang lalu LAMAR & CHAT DI APLIKASI LAMAR Persyaratan Kerja di lokasi 1 - 3 tahun pengalaman Minimal SMA/SMK Perempuan saja Skills Microsoft Excel Google Sheets Google Docs Customer Service Organizational Skills Microsoft Outlook Data Entry Microsoft Office Administration Office Administration Benefit Kerja Overtime Pay THR Work Insurance Health Insurance Career Path Loker ini dikelola oleh MK Mitra Karya Abadi recruitment Perusahaan Premium Online kemarin Deskripsi pekerjaan Staff Admin Penjualan CV Mitra Karya Abadi (Genny Shoes) Persyaratan : Wanita usia max. 30 tahun Lulusan D3/S1 Sederajat Jujur, teliti",admin,https://glints.com/id/opportunities/jobs/staff-admin-penjualan/43fa2ebd-fbe8-4433-9085-b49bf63a3a45,Glints,admin
Staff Admin HRD,KSO KMO,"Kab. Bogor, Jawa Barat",D3,"LOWONGAN KERJA PERUSAHAAN BLOG UNDUH APP GLINTS INDONESIAN DAFTAR MASUK UNTUK PERUSAHAAN Pekerjaan/Lokasi/Jawa Barat/Kab. Bogor/ Staff Admin HRD Staff Admin HRD KSO KMO Rp4.850.000 - 5.250.000/Bulan Administrasi & HRD Staff HRD & Personalia Kontrak · Kerja di lokasi Minimal Diploma (D1 - D4) 1 - 3 tahun pengalaman Tayang Kemarin Diperbarui Kemarin LAMAR & CHAT DI APLIKASI LAMAR Persyaratan Kerja di lokasi 1 - 3 tahun pengalaman Minimal Diploma (D1 - D4) 20-30 tahun Skills Microsoft Office Google Sheets Google Docs Payroll Microsoft Outlook HRIS Database Management People Development Administration Benefit Kerja Health Insurance Work Insurance THR Loker ini dikelola oleh D Dina Online 9 jam yang lalu Deskripsi pekerjaan Staff Admin HRD KSO KMO Staff Admin HRD bertugas untuk membantu proses administrasi dan pengelolaan sumber daya manusia secara efisien. Tugas utama meliputi pemeliharaan data karyawan, penerbitan dokumen kepegawaian, koordinasi dengan departemen terkait, serta bantuan da",admin,https://glints.com/id/opportunities/jobs/staff-admin-hrd/389d2ed2-7836-4700-859a-568bbcf427b8,Glints,admin
Staff Admin Penjualan,PT. Karya Interior Mandiri,INDONESIAN,SMK,"LOWONGAN KERJA PERUSAHAAN BLOG UNDUH APP GLINTS INDONESIAN DAFTAR MASUK UNTUK PERUSAHAAN Pekerjaan/Lokasi/Kalimantan Tengah/Kab. waringin Barat/ Staff Admin Penjualan Staff Admin Penjualan PT. Karya Interior Mandiri Rp2.500.000 - 2.800.000/Bulan Administrasi & HRD Admin Penuh Waktu · Kerja di lokasi Minimal SMA/SMK 1 - 3 tahun pengalaman Tayang 3 hari yang lalu Diperbarui 3 hari yang lalu LAMAR & CHAT DI APLIKASI LAMAR Persyaratan Kerja di lokasi 1 - 3 tahun pengalaman Minimal SMA/SMK Perempuan saja Skills Office Administration Sales and Marketing Microsoft Office Organizational Skills Google Sheets Customer Service Google Docs Communication Skills Marketing Communications Data Entry Administration Microsoft Excel Benefit Kerja Sales Commission THR Loker ini dikelola oleh HRD PT Karya Interior Mandiri Online kemarin Deskripsi pekerjaan Staff Admin Penjualan PT. Karya Interior Mandiri PM Group adalah perusahaan yang bergerak di bidang retail bahan bangunan, yang telah beroperasi selama",admin,https://glints.com/id/opportunities/jobs/staff-admin-penjualan/8d426170-047f-4142-bf9e-52dd7ba0ba62,Glints,admin
Staff Admin (ADM),NiceforKids,INDONESIAN,SMK,"LOWONGAN KERJA PERUSAHAAN BLOG UNDUH APP GLINTS INDONESIAN DAFTAR MASUK UNTUK PERUSAHAAN Pekerjaan/Lokasi/Jawa Timur/Surabaya/ Staff Admin (ADM) Staff Admin (ADM) NiceforKids Rp1.500.000 - 2.000.000/Bulan · Bonus Rp50.000 - 200.000/month Administrasi & HRD Admin Data Entry Penuh Waktu · Kerja di lokasi Minimal SMA/SMK Tayang 2 hari yang lalu Diperbarui 2 hari yang lalu LAMAR & CHAT DI APLIKASI LAMAR Persyaratan Kerja di lokasi Minimal SMA/SMK 18-30 tahun Perempuan saja Skills Microsoft Word Database Management Microsoft Excel Administration Microsoft Office Google Docs Google Sheets Teamwork Data Entry Microsoft 365 Loker ini dikelola oleh AN Admin NICEFORKIDS Perusahaan Premium Online kemarin Deskripsi pekerjaan Staff Admin (ADM) NiceforKids Tanggung Jawab Pekerjaan : Melakukan administrasi umum Melakukan pencatatan barang masuk dan keluar Melakukan input data barang Syarat Pengalaman : Fresh Graduate atau Pengalaman 1 tahun di bidang administrasi Kualifikasi : WANITA Single, usia mak",admin,https://glints.com/id/opportunities/jobs/staff-admin-adm/73ba8c3a-2d70-4865-b7aa-2d4f0e16bc83,Glints,admin
Staff Admin Sekolah,Ganadara Preschool,"Denpasar, Bali",SMK,LOWONGAN KERJA PERUSAHAAN BLOG UNDUH APP GLINTS INDONESIAN DAFTAR MASUK UNTUK PERUSAHAAN Pekerjaan/Lokasi/Bali/Denpasar/ Staff Admin Sekolah Staff Admin Sekolah Ganadara Preschool Rp2.500.000 - 3.000.000/Bulan Administrasi & HRD Admin Penuh Waktu · Kerja di lokasi Minimal SMA/SMK 1 - 3 tahun pengalaman Tayang 4 hari yang lalu Diperbarui 4 hari yang lalu LAMAR & CHAT DI APLIKASI LAMAR Persyaratan Kerja di lokasi 1 - 3 tahun pengalaman Minimal SMA/SMK Perempuan saja Skills Microsoft Office Administration Microsoft Excel Customer Service Office Administration Google Docs Google Sheets Organizational Skills Loker ini dikelola oleh RY Recruiter Yayasan Bina Ilmu Online 2 hari yang lalu Deskripsi pekerjaan Staff Admin Sekolah Ganadara Preschool Staff Admin Sekolah Kualifikasi: • Wanita. • Usia maks. 30 tahun. • Pendidikan minimal SMA/SMK atau sederajat. • Mampu mengoperasikan komputer. • Diutamakan memiliki pengalaman. • Nilai tambah jika memiliki kemampuan berbahasa Inggris / Korea. • Telit,admin,https://glints.com/id/opportunities/jobs/staff-admin-sekolah/21bf49a2-8cf1-4aeb-810d-7dea89eea74a,Glints,admin
Administration Staff & Admin Finance,EZ ENGLISH Indonesia,"Kab. Tangerang, Banten",SMK,"LOWONGAN KERJA PERUSAHAAN BLOG UNDUH APP GLINTS INDONESIAN DAFTAR MASUK UNTUK PERUSAHAAN Pekerjaan/Lokasi/Banten/Kab. Tangerang/ Administration Staff & Admin Finance Administration Staff & Admin Finance EZ ENGLISH Indonesia Rp1.000.000 - 2.000.000/Bulan · Bonus Rp35.000 - 50.000/project Administrasi & HRD Admin Penuh Waktu · Kerja di lokasi Minimal SMA/SMK 1 - 3 tahun pengalaman Tayang 11 bulan yang lalu Diperbarui 3 hari yang lalu LAMAR & CHAT DI APLIKASI LAMAR Persyaratan Kerja di lokasi 1 - 3 tahun pengalaman Minimal SMA/SMK 18-28 tahun Perempuan saja Skills Customer Service Analytical Skills Microsoft Excel Administration Accounting Teamwork Google Sheets Loker ini dikelola oleh ZS Zufar sebagai HRD Perusahaan Premium Online 10 jam yang lalu Deskripsi pekerjaan Administration Staff & Admin Finance EZ ENGLISH Indonesia Administration Staff & Admin Finance 📍 Penempatan: Permata Regency, Kabupaten Tangerang Report to : Manajer Operasional & Head Marketing Deskripsi Pekerjaan: - Menjag",admin,https://glints.com/id/opportunities/jobs/administration-staff-and-admin-finance/deb2e3c2-8536-4341-a6f3-087b703507ed,Glints,admin
Staff Administrasi,PropNex Indonesia,"Surabaya, Jawa Timur",SMK,LOWONGAN KERJA PERUSAHAAN BLOG UNDUH APP GLINTS INDONESIAN DAFTAR MASUK UNTUK PERUSAHAAN Pekerjaan/Lokasi/Jawa Timur/Surabaya/ Staff Administrasi Staff Administrasi PropNex Indonesia Perusahaan tidak menampilkan gaji Administrasi & HRD Admin Penuh Waktu · Kerja di lokasi Minimal SMA/SMK 1 - 3 tahun pengalaman Tayang 19 hari yang lalu Diperbarui 10 hari yang lalu LAMAR & CHAT DI APLIKASI LAMAR Persyaratan Kerja di lokasi 1 - 3 tahun pengalaman Minimal SMA/SMK 18-40 tahun Perempuan saja Skills English Language Customer Service Google Docs Administration Teamwork Google Sheets Data Entry Microsoft Word Office Administration Microsoft PowerPoint Microsoft Excel Microsoft Office Benefit Kerja Work Insurance Health Insurance Loker ini dikelola oleh PA Propnex Alt email Perusahaan Premium Online 9 hari yang lalu Deskripsi pekerjaan Staff Administrasi PropNex Indonesia Female Experience in the same position Excellent computer and administration skills English is a must (Written and Spoken) Exc,admin,https://glints.com/id/opportunities/jobs/staff-administrasi/2c906550-1e41-48a6-8a52-5bd42ffca479,Glints,admin
Staff Admin,PT Evlen Indonesia Industri,"Kab. Demak, Jawa Tengah",S1,LOWONGAN KERJA PERUSAHAAN BLOG UNDUH APP GLINTS INDONESIAN DAFTAR MASUK UNTUK PERUSAHAAN Pekerjaan/Lokasi/Jawa Tengah/Kab. Demak/ Staff Admin Staff Admin PT Evlen Indonesia Industri Rp3.000.000 - 3.122.805/Bulan Administrasi & HRD Admin Penuh Waktu · Kerja di lokasi Minimal Sarjana (S1) 1 - 3 tahun pengalaman Tayang 2 hari yang lalu Diperbarui 2 hari yang lalu LAMAR & CHAT DI APLIKASI LAMAR Persyaratan Kerja di lokasi 1 - 3 tahun pengalaman Minimal Sarjana (S1) 21-28 tahun Perempuan saja Skills Time Management Microsoft Word Positive Attitude Microsoft Excel Microsoft Office Stock Opname Google Sheets Administration Multitasking Teamwork Data Entry Office Administration Benefit Kerja Health Insurance THR Work Insurance Loker ini dikelola oleh PT Evlen Indonesia Industri Online 2 hari yang lalu Deskripsi pekerjaan Staff Admin PT Evlen Indonesia Industri Wanita usia maksimal 28 tahun Pendidikan minimal S1 Berpengalaman di bidang Admin lebih disukai Komunikastif dan memiliki vocal serta a,admin,https://glints.com/id/opportunities/jobs/staff-admin/a2c6847b-16fa-4104-8221-f029452c2d33,Glints,admin
Staff Admin,OPERA SABUN e-COIN LAUNDRY Yogyakarta - Solo,"Kab. Sleman, DI Yogyakarta",SMK,LOWONGAN KERJA PERUSAHAAN BLOG UNDUH APP GLINTS INDONESIAN DAFTAR MASUK UNTUK PERUSAHAAN Pekerjaan/Lokasi/DI Yogyakarta/Kab. Sleman/ Staff Admin Staff Admin OPERA SABUN e-COIN LAUNDRY Yogyakarta - Solo Rp1.600.000 - 2.400.000/Bulan Administrasi & HRD Admin Penuh Waktu · Kerja di lokasi Minimal SMA/SMK 1 - 3 tahun pengalaman Tayang 1 bulan yang lalu Diperbarui 2 hari yang lalu LAMAR & CHAT DI APLIKASI LAMAR Persyaratan Kerja di lokasi 1 - 3 tahun pengalaman Minimal SMA/SMK 18-25 tahun Perempuan saja Skills Office Administration Data Entry Microsoft Office Microsoft Excel Google Sheets Customer Service Organizational Skills Administration Google Docs Microsoft Outlook Loker ini dikelola oleh RO Recruiter Opera Sabun Online kemarin Deskripsi pekerjaan Staff Admin OPERA SABUN e-COIN LAUNDRY Yogyakarta - Solo Kualifikasi: Perempuan Usia max 25 tahun dan belum menikah Menguasai Microsoft Office Memiliki komunikasi yang baik Bisa bekerja sama dengan team maupun individu Siap bekerja di lapang,admin,https://glints.com/id/opportunities/jobs/staff-admin/cba64c74-b670-4309-b4ca-a310639cd58b,Glints,admin
STAFF ADMIN,PT Wellen Brothers,"Jakarta Barat, DKI Jakarta",SMK,"LOWONGAN KERJA PERUSAHAAN BLOG UNDUH APP GLINTS INDONESIAN DAFTAR MASUK UNTUK PERUSAHAAN Pekerjaan/Lokasi/DKI Jakarta/Jakarta Barat/ STAFF ADMIN STAFF ADMIN PT Wellen Brothers Perusahaan tidak menampilkan gaji Administrasi & HRD Admin Penuh Waktu · Kerja di lokasi Minimal SMA/SMK 1 - 3 tahun pengalaman Tayang 4 hari yang lalu Diperbarui 4 hari yang lalu LAMAR & CHAT DI APLIKASI LAMAR Persyaratan Kerja di lokasi 1 - 3 tahun pengalaman Minimal SMA/SMK 20-28 tahun Perempuan saja Skills Microsoft Word Administration Teamwork Google Docs Benefit Kerja Career Path THR Near Public Transport Loker ini dikelola oleh PT WELLEN BROTHERS Perusahaan Premium Online 3 jam yang lalu Deskripsi pekerjaan STAFF ADMIN PT Wellen Brothers KUALIFIKASI: Usia maksimal 28 tahun Pendidikan SMU/Sederajat Diutamakan yang memiliki pengalaman kerja minimal 1 tahun Bersedia kerja SHIFT Tidak sedang menjalani proses pendidikan (Kuliah) Menguasai Microsoft Office & Internet Bersedia ditempatkan di Daan Mogot, Jakarta B",admin,https://glints.com/id/opportunities/jobs/staff-admin/895f5824-5c22-4e86-997e-ec7adad34dc9,Glints,admin
Staff Admin,PT. BERKAT MULIA ALFA,"Surabaya, Jawa Timur",SMK,"LOWONGAN KERJA PERUSAHAAN BLOG UNDUH APP GLINTS INDONESIAN DAFTAR MASUK UNTUK PERUSAHAAN Pekerjaan/Lokasi/Jawa Timur/Surabaya/ Staff Admin Staff Admin PT. BERKAT MULIA ALFA Perusahaan tidak menampilkan gaji Administrasi & HRD Admin Penuh Waktu · Kerja di lokasi Minimal SMA/SMK 1 - 3 tahun pengalaman Tayang 10 hari yang lalu Diperbarui 10 hari yang lalu LAMAR & CHAT DI APLIKASI LAMAR Persyaratan Kerja di lokasi 1 - 3 tahun pengalaman Minimal SMA/SMK 18-30 tahun Perempuan saja Skills Organizational Skills Google Docs Microsoft Office Customer Service Data Entry Microsoft Outlook Administration Office Administration Microsoft Excel Google Sheets Loker ini dikelola oleh TA Toko Alfa Surabaya Online 3 hari yang lalu Deskripsi pekerjaan Staff Admin PT. BERKAT MULIA ALFA Lowongan Kerja Surabaya Timur Yuk, buat yang mau cari kerja dipersilahkan Penempatan Surabaya Timur Dibutuhkan Staff Admin untuk Toko Alfa Surabaya Kriteria: Wanita, usia maksimal 30 tahun Bisa MS Office, Google Sheet Teliti,",admin,https://glints.com/id/opportunities/jobs/staff-admin/f42af7f1-ec65-40d2-883b-cc4dd7cc4815,Glints,admin
Staff Admin,PT Owens Sarana Asiapasifik,"Jakarta Utara, DKI Jakarta",SMK,LOWONGAN KERJA PERUSAHAAN BLOG UNDUH APP GLINTS INDONESIAN DAFTAR MASUK UNTUK PERUSAHAAN Pekerjaan/Lokasi/DKI Jakarta/Jakarta Utara/ Staff Admin Staff Admin PT Owens Sarana Asiapasifik Perusahaan tidak menampilkan gaji Administrasi & HRD Admin Kontrak · Kerja di lokasi Minimal SMA/SMK 1 - 3 tahun pengalaman Tayang 5 bulan yang lalu Diperbarui 2 hari yang lalu LAMAR & CHAT DI APLIKASI LAMAR Persyaratan Kerja di lokasi 1 - 3 tahun pengalaman Minimal SMA/SMK 20-34 tahun Perempuan saja Skills Data Entry Accounting Microsoft Office Customer Service Tax Planning Income Tax Google Sheets Account Management Administration Microsoft Excel Loker ini dikelola oleh HP HRD PT Owens Sarana Asia Pasifik Perusahaan Premium Online 3 hari yang lalu Deskripsi pekerjaan Staff Admin PT Owens Sarana Asiapasifik Jobdesription : Membuat invoice atas setiap penagihan / transaksi untuk pelanggan Membuat faktur pajak untuk pelanggan Membuat laporan perpajakan & keuangan Menginput transaksi keuangan Memastikan pr,admin,https://glints.com/id/opportunities/jobs/staff-admin/0ce1b21a-c6a6-4a69-a0e6-b366a880296d,Glints,admin
Staff Admin,PT Hokinda Citralestari,"Medan, Sumatera Utara",SMA,LOWONGAN KERJA PERUSAHAAN BLOG UNDUH APP GLINTS INDONESIAN DAFTAR MASUK UNTUK PERUSAHAAN Pekerjaan/Lokasi/Sumatera Utara/Kab. Deli Serdang/ Staff Admin Staff Admin PT Hokinda Citralestari Perusahaan tidak menampilkan gaji Administrasi & HRD Admin Penuh Waktu · Kerja di lokasi Minimal Sarjana (S1) Pengalaman kurang dari 1 tahun Tayang 6 hari yang lalu Diperbarui 6 hari yang lalu LAMAR & CHAT DI APLIKASI LAMAR Persyaratan Kerja di lokasi Pengalaman kurang dari 1 tahun Minimal Sarjana (S1) 18-35 tahun Skills Administration Attention to Detail Communication Skills Benefit Kerja Meal Allowance Health Insurance Transport Money Work Insurance Career Path Loker ini dikelola oleh Vivian Felicia Perusahaan Premium Online kemarin Deskripsi pekerjaan Staff Admin PT Hokinda Citralestari Melakukan pekerjaan administrasi Melakukan follow up tugas-tugas dari bagian terkait Menyusun agenda meeting dan membuat notulen rapat Requirements: Min . SMA / S1 Semua Jurusan Menyukai pekerjaan administrasi Benef,admin,https://glints.com/id/opportunities/jobs/staff-admin/de6d01fc-9627-4443-aaef-31b2362e5fdc,Glints,admin
Staff Admin,CV Graha Pandawa Semen,"Kab. Bantul, DI Yogyakarta",SMK,LOWONGAN KERJA PERUSAHAAN BLOG UNDUH APP GLINTS INDONESIAN DAFTAR MASUK UNTUK PERUSAHAAN Pekerjaan/Lokasi/DI Yogyakarta/Kab. Bantul/ Staff Admin Staff Admin CV Graha Pandawa Semen Rp1.900.000 - 2.000.000/Bulan Administrasi & HRD Admin Penuh Waktu · Kerja di lokasi Minimal SMA/SMK 1 - 3 tahun pengalaman Tayang 18 hari yang lalu Diperbarui 18 hari yang lalu LAMAR & CHAT DI APLIKASI LAMAR Persyaratan Kerja di lokasi 1 - 3 tahun pengalaman Minimal SMA/SMK 20-30 tahun Skills Office Administration Google Docs Microsoft Office Customer Service Microsoft Excel Microsoft Outlook Data Entry Google Sheets Administration Organizational Skills Benefit Kerja Work Insurance Health Insurance THR Loker ini dikelola oleh CG CV Graha PandawaSemen Online 2 hari yang lalu Deskripsi pekerjaan Staff Admin CV Graha Pandawa Semen Staf Admin Deskripsi Pekerjaan Melakukan pekerjaan administrasi harian. Menginput dan memperbarui data ke dalam sistem. Melaksanakan tugas administrasi lainnya sesuai arahan atasan. K,admin,https://glints.com/id/opportunities/jobs/staff-admin/5753e631-c89d-461b-bcbe-69e384143f2e,Glints,admin
Staff Admin,Grand Inkuta - Maria M***,"Kab. Badung, Bali",S1,"LOWONGAN KERJA PERUSAHAAN BLOG UNDUH APP GLINTS INDONESIAN DAFTAR MASUK UNTUK PERUSAHAAN Pekerjaan/Lokasi/Bali/Kab. Badung/ Staff Admin Staff Admin Grand Inkuta - Maria M*** Rp3.000.000 - 4.000.000/Bulan Akuntansi Accounting Admin Penuh Waktu · Kerja di lokasi Minimal Sarjana (S1) 1 - 3 tahun pengalaman Tayang 2 hari yang lalu Diperbarui 2 hari yang lalu LAMAR & CHAT DI APLIKASI LAMAR Persyaratan Kerja di lokasi 1 - 3 tahun pengalaman Minimal Sarjana (S1) Skills Office Administration Cash Accounting Administrative Logistics Payroll Administration General Ledger Accounting Administration Education Administration Accounting Accounts Receivable and Payable Accounting Tax Accounting Loker ini dikelola oleh MM Maria M Online kemarin Deskripsi pekerjaan Staff Admin Grand Inkuta Grand Inkuta sedang mencari Staff Admin Akuntansi yang teliti, bertanggung jawab, dan memiliki kemampuan administrasi yang baik untuk bergabung dengan tim kami di industri perhotelan. Posisi ini akan bertanggung jawab",admin,https://glints.com/id/opportunities/jobs/staff-admin/ef32d58a-0244-40b0-890c-2ad762142d86,Glints,admin
Staff Admin,SPPG CIBUNAR PARUNG PANJANG,INDONESIAN,SMK,"LOWONGAN KERJA PERUSAHAAN BLOG UNDUH APP GLINTS INDONESIAN DAFTAR MASUK UNTUK PERUSAHAAN Pekerjaan/Lokasi/Jawa Barat/Kab. Bogor/ Staff Admin Staff Admin SPPG CIBUNAR PARUNG PANJANG Perusahaan tidak menampilkan gaji Administrasi & HRD Admin Penuh Waktu · Kerja di lokasi Minimal SMA/SMK 1 - 3 tahun pengalaman Tayang 17 hari yang lalu Diperbarui 17 hari yang lalu LAMAR & CHAT DI APLIKASI LAMAR Persyaratan Kerja di lokasi 1 - 3 tahun pengalaman Minimal SMA/SMK Laki-laki saja Skills Google Docs Customer Service Microsoft Outlook Microsoft Office Administration Google Sheets Data Entry Microsoft Excel Organizational Skills Office Administration Loker ini dikelola oleh RS Recruiter SPPG CIBUNAR PARUNG PANJANG Online 6 jam yang lalu Deskripsi pekerjaan Staff Admin SPPG CIBUNAR PARUNG PANJANG Persyaratan: Laki Laki Pendidikan Minimal SMA, S1 diutamakan Fresh graduate dipersilahkan Memiliki kemampuan manajerial, leadership yang baik Usia maksimal 30 tahun Menguasai Microsoft Office (Terutama Mic",admin,https://glints.com/id/opportunities/jobs/staff-admin/a2490bf9-32d4-4053-af6f-841789292cfb,Glints,admin
Staff Admin,Arsata Clothing Apparel,"Kab. Sukoharjo, Jawa Tengah",SMK,"LOWONGAN KERJA PERUSAHAAN BLOG UNDUH APP GLINTS INDONESIAN DAFTAR MASUK UNTUK PERUSAHAAN Pekerjaan/Lokasi/Jawa Tengah/Kab. Sukoharjo/ Staff Admin Staff Admin Arsata Clothing Apparel Perusahaan tidak menampilkan gaji Administrasi & HRD Admin Penuh Waktu · Kerja di lokasi Minimal SMA/SMK 1 - 3 tahun pengalaman Tayang 25 hari yang lalu Diperbarui 25 hari yang lalu LAMAR & CHAT DI APLIKASI LAMAR Persyaratan Kerja di lokasi 1 - 3 tahun pengalaman Minimal SMA/SMK 20-35 tahun Perempuan saja Skills Organizational Skills Customer Service Google Docs Google Sheets Microsoft Excel Microsoft Outlook Administration Microsoft Office Office Administration Data Entry Loker ini dikelola oleh PA PIC Arsata Clothing Apparel Deskripsi pekerjaan Staff Admin Arsata Clothing Apparel KUALIFIKASI Perempuan, usia maksimal 35 tahun Berpenampilan menarik Pendidikan minimal SMA/SMK sederajat Mampu berkomunikasi dengan baik,ramah, dan sopan Menguasai CoreIDRAW dan Photoshop Memahami dan aktif menggunakan media sosi",admin,https://glints.com/id/opportunities/jobs/staff-admin/4eaade69-81f2-4e10-a595-5a12cfe55047,Glints,admin
Supervisor Kolektor - Cab Manado,Nusantara Sakti Group,"Manado, Sulawesi Utara",SMK,"LOWONGAN KERJA PERUSAHAAN BLOG UNDUH APP GLINTS INDONESIAN DAFTAR MASUK UNTUK PERUSAHAAN Pekerjaan/Lokasi/Sulawesi Utara/Manado/ Supervisor Kolektor - Cab Manado Supervisor Kolektor - Cab Manado Nusantara Sakti Group Rp3.500.000 - 4.500.000/Bulan Akuntansi Debt Collector Penuh Waktu · Kerja di lokasi Minimal SMA/SMK Pengalaman kurang dari 1 tahun Tayang 10 bulan yang lalu Diperbarui 10 hari yang lalu LAMAR & CHAT DI APLIKASI LAMAR Persyaratan Kerja di lokasi Pengalaman kurang dari 1 tahun Minimal SMA/SMK Skills Communication Skills Leadership Teamwork Negotiation Skills Loker ini dikelola oleh R Rekruter Perusahaan Premium Online 3 hari yang lalu Deskripsi pekerjaan Supervisor Kolektor - Cab Manado Nusantara Sakti Group 🚀 BANGUN KARIER CEMERLANG BERSAMA NUSANTARA SAKTI GROUP! 🚀 ✨ Buka Peluang untuk Masa Depan yang Lebih Baik! ✨ Nusantara Sakti Group, perusahaan terkemuka di bidang finance dan retail, membuka kesempatan bagi Anda yang bersemangat, bertanggung jawab, dan siap menghadapi",manado,https://glints.com/id/opportunities/jobs/supervisor-kolektor-cab-manado/7d1700a5-d1b0-4468-9b07-ed4d7b223266,Glints,manado
SMPG MANADO,PT Menara Abadi Sofindo,"Manado, Sulawesi Utara",SMK,"LOWONGAN KERJA PERUSAHAAN BLOG UNDUH APP GLINTS INDONESIAN DAFTAR MASUK UNTUK PERUSAHAAN Pekerjaan/Lokasi/Sulawesi Utara/Manado/ SMPG MANADO SMPG MANADO PT Menara Abadi Sofindo Rp2.800.000 - 3.000.000/Bulan Business Development & Sales Sales FMCG Penuh Waktu · Kerja di lokasi Minimal SMA/SMK 1 - 3 tahun pengalaman Tayang 17 hari yang lalu Diperbarui 17 hari yang lalu LAMAR & CHAT DI APLIKASI LAMAR Persyaratan Kerja di lokasi 1 - 3 tahun pengalaman Minimal SMA/SMK Perempuan saja Skills Store Sales Sales Management Sales Strategy B2B Sales Sales and Marketing B2C Sales Sales Forecasting Sales Planning Sales Analysis Sales Operations Benefit Kerja THR Career Path Loker ini dikelola oleh PT MENARA ABADI SOFINDO Online kemarin Deskripsi pekerjaan SMPG MANADO PT Menara Abadi Sofindo 🚨 WE'RE HIRING – SPG (SALES PROMOTION) 📍 Penempatan: Manado | Full Time Kami mencari SPG yang aktif, percaya diri, dan berorientasi pada target untuk menjadi bagian dari tim penjualan kami di Manado. 🎯 Tanggung J",manado,https://glints.com/id/opportunities/jobs/smpg-manado/4a9a4fe7-805f-401d-966f-4d24baa82922,Glints,manado
Security (Manado),PT. PENERBIT BUKU ERLANGGA MAHAMERU CABANG MAKASSAR,"Manado, Sulawesi Utara",SMK,"LOWONGAN KERJA PERUSAHAAN BLOG UNDUH APP GLINTS INDONESIAN DAFTAR MASUK UNTUK PERUSAHAAN Pekerjaan/Lokasi/Sulawesi Utara/Manado/ Security (Manado) Security (Manado) PT. PENERBIT BUKU ERLANGGA MAHAMERU CABANG MAKASSAR Rp3.500.000 - 4.000.000/Bulan Industri Jasa Sekuriti/Satpam Kontrak · Kerja di lokasi Minimal SMA/SMK Pengalaman kurang dari 1 tahun Tayang 2 bulan yang lalu Diperbarui 24 hari yang lalu LAMAR & CHAT DI APLIKASI LAMAR Persyaratan Kerja di lokasi Pengalaman kurang dari 1 tahun Minimal SMA/SMK 18-27 tahun Laki-laki saja Skills Teamwork Security Management Office Security Benefit Kerja Perform Bonus Career Path Transport Money Meal Allowance Health Insurance Work Insurance THR Loker ini dikelola oleh Farrel Chandra Online 6 hari yang lalu Deskripsi pekerjaan Security (Manado) PT. PENERBIT BUKU ERLANGGA MAHAMERU CABANG MAKASSAR Kualifikasi: Usia maks. 27 tahun, Pria Pendidikan SMA Kreatif, proaktif, dan mampu bekerja dalam tim Mampu berkomunikasi dengan baik Memiliki sertifika",manado,https://glints.com/id/opportunities/jobs/security-manado/86244007-95ba-41d3-85d4-a575510336b9,Glints,manado
Staff Penagihan Lapangan - Cab Manado,Nusantara Sakti Group,"Manado, Sulawesi Utara",SMK,"LOWONGAN KERJA PERUSAHAAN BLOG UNDUH APP GLINTS INDONESIAN DAFTAR MASUK UNTUK PERUSAHAAN Pekerjaan/Lokasi/Sulawesi Utara/Manado/ Staff Penagihan Lapangan - Cab Manado Staff Penagihan Lapangan - Cab Manado Nusantara Sakti Group Rp3.500.000 - 4.500.000/Bulan Akuntansi Debt Collector Penuh Waktu · Kerja di lokasi Minimal SMA/SMK Pengalaman kurang dari 1 tahun Tayang 10 bulan yang lalu Diperbarui 9 hari yang lalu LAMAR & CHAT DI APLIKASI LAMAR Persyaratan Kerja di lokasi Pengalaman kurang dari 1 tahun Minimal SMA/SMK Skills Negotiation Skills Fee Collection Data Collection Loker ini dikelola oleh R Rekruter Perusahaan Premium Online 4 hari yang lalu Deskripsi pekerjaan Staff Penagihan Lapangan - Cab Manado Nusantara Sakti Group 🚀 BANGUN KARIER CEMERLANG BERSAMA NUSANTARA SAKTI GROUP! 🚀 ✨ Buka Peluang untuk Masa Depan yang Lebih Baik! ✨ Nusantara Sakti Group, perusahaan terkemuka di bidang finance dan retail, membuka kesempatan bagi Anda yang bersemangat, bertanggung jawab, dan siap menghad",manado,https://glints.com/id/opportunities/jobs/staff-penagihan-lapangan-cab-manado/6dde3197-7acf-4277-bb6e-11d26fc669b2,Glints,manado
SPG/SPB Manado,Urban State,"Manado, Sulawesi Utara",SMK,"LOWONGAN KERJA PERUSAHAAN BLOG UNDUH APP GLINTS INDONESIAN DAFTAR MASUK UNTUK PERUSAHAAN Pekerjaan/Lokasi/Sulawesi Utara/Manado/ SPG/SPB Manado SPG/SPB Manado Urban State Perusahaan tidak menampilkan gaji Business Development & Sales Staff Operasional Sales Penuh Waktu · Kerja di lokasi Minimal SMA/SMK 1 - 3 tahun pengalaman Tayang 7 bulan yang lalu Diperbarui 2 hari yang lalu LAMAR & CHAT DI APLIKASI LAMAR Persyaratan Kerja di lokasi 1 - 3 tahun pengalaman Minimal SMA/SMK Skills Target Oriented Marketing Communications Working under pressure Sales and Marketing Loker ini dikelola oleh US Urban State Perusahaan Premium Online 2 hari yang lalu Deskripsi pekerjaan SPG/SPB Manado Urban State Urban State membuka lowongan untuk posisi SPG/SPB bagi kandidat yang siap bekerja, rajin, dan bertanggung jawab. Kami tidak menggunakan sistem kontrak tahunan. Jika Anda bergabung dan menjadi karyawan tetap, Anda akan mendapatkan tunjangan yang meningkat seiring masa kerja. Penempatan awal: Gramedia M",manado,https://glints.com/id/opportunities/jobs/spg-spb-manado/7fc3f6c5-7817-4fbb-b84c-627fe2d648ae,Glints,manado
Customer Relation (Manado),PT PUSAT EMAS INDONESIA,"Manado, Sulawesi Utara",SMK,"LOWONGAN KERJA PERUSAHAAN BLOG UNDUH APP GLINTS INDONESIAN DAFTAR MASUK UNTUK PERUSAHAAN Pekerjaan/Lokasi/Sulawesi Utara/Manado/ Customer Relation (Manado) Customer Relation (Manado) PT PUSAT EMAS INDONESIA Perusahaan tidak menampilkan gaji Keuangan Teller Bank Penuh Waktu · Kerja di lokasi Minimal SMA/SMK 1 - 3 tahun pengalaman Tayang 3 hari yang lalu Diperbarui 3 hari yang lalu LAMAR & CHAT DI APLIKASI LAMAR Persyaratan Kerja di lokasi 1 - 3 tahun pengalaman Minimal SMA/SMK 19-29 tahun Skills Customer Service Communication Skills Teamwork Cashier Banking Benefit Kerja Career Path THR Loker ini dikelola oleh PE Pusat Emas Indonesia Perusahaan Premium Online 24 menit yang lalu Deskripsi pekerjaan Customer Relation (Manado) PT PUSAT EMAS INDONESIA Kualifikasi : Wanita/Pria Mempunyai pengalaman minimal 2 tahun dalam bidang pelayanan Berpenampilan menarik, rapi dan sopan Mampu berkomunikasi dengan baik Teliti, rajin, ulet, jujur, disiplin dan mampu bekerja dibawah tekanan Diutamakan domis",manado,https://glints.com/id/opportunities/jobs/customer-relation-manado/2e4dcfb3-1cf2-4078-a07b-5e9f358d3dd4,Glints,manado
Field Collection (MANADO),Kredivo Group,"Manado, Sulawesi Utara",SMK,LOWONGAN KERJA PERUSAHAAN BLOG UNDUH APP GLINTS INDONESIAN DAFTAR MASUK UNTUK PERUSAHAAN Pekerjaan/Lokasi/Sulawesi Utara/Manado/ Field Collection (MANADO) Field Collection (MANADO) Kredivo Group Rp4.025.000 - 5.000.000/Bulan Akuntansi Debt Collector Penuh Waktu · Kerja di lokasi Minimal SMA/SMK Pengalaman kurang dari 1 tahun Tayang 18 hari yang lalu Diperbarui 18 hari yang lalu LAMAR & CHAT DI APLIKASI LAMAR Persyaratan Kerja di lokasi Pengalaman kurang dari 1 tahun Minimal SMA/SMK Skills Fee Collection Mapping Negotiation Skills Benefit Kerja Career Path Health Insurance Meal Allowance Sales Commission Work Insurance Loker ini dikelola oleh Kredivo Group Recruiter Perusahaan Premium Online 2 hari yang lalu Deskripsi pekerjaan Field Collection (MANADO) Kredivo Group Persyaratan : Diutamakan memiliki pengalaman minimal 1 tahun sebagai collection Memiliki kendaraan roda dua dan SIM C yang masih berlaku Mengenal area MANADO dengan baik Kemampuan komunikasi dan negosiasi yang baik Minimal,manado,https://glints.com/id/opportunities/jobs/field-collection-manado/a2adaa62-fca0-43a7-8030-45e1ab523b2c,Glints,manado
MARKETING ADVISOR MANADO,PT Fajar Lestari Sejati,"Manado, Sulawesi Utara",S1,LOWONGAN KERJA PERUSAHAAN BLOG UNDUH APP GLINTS INDONESIAN DAFTAR MASUK UNTUK PERUSAHAAN Pekerjaan/Lokasi/Sulawesi Utara/Manado/ MARKETING ADVISOR MANADO MARKETING ADVISOR MANADO PT Fajar Lestari Sejati Rp3.000.000 - 4.000.000/Bulan Marketing Staff Marketing Penuh Waktu · Kerja di lokasi Minimal Sarjana (S1) 1 - 3 tahun pengalaman Tayang 23 hari yang lalu Diperbarui 23 hari yang lalu LAMAR & CHAT DI APLIKASI LAMAR Persyaratan Kerja di lokasi 1 - 3 tahun pengalaman Minimal Sarjana (S1) Skills Content Marketing Market Research Digital Marketing Marketing Strategy Google Analytics Content Strategy Marketing Communications Social Media Google Ads B2B Marketing Benefit Kerja Career Path THR Training/Certification Health Insurance Near Public Transport Work Insurance Annual Leave Team-building events Loker ini dikelola oleh PT Fajar Lestari Sejati Perusahaan Premium Online 2 hari yang lalu Deskripsi pekerjaan MARKETING ADVISOR MANADO PT Fajar Lestari Sejati KUALIFIKASI: Wanita Usia Maks.23 T,manado,https://glints.com/id/opportunities/jobs/marketing-advisor-manado/4803f247-9db1-416e-b313-bdcfb0c9c8a6,Glints,manado
Sales Representative (Manado),PT. PENERBIT BUKU ERLANGGA MAHAMERU CABANG MAKASSAR,"Manado, Sulawesi Utara",D3,"LOWONGAN KERJA PERUSAHAAN BLOG UNDUH APP GLINTS INDONESIAN DAFTAR MASUK UNTUK PERUSAHAAN Pekerjaan/Lokasi/Sulawesi Utara/Manado/ Sales Representative (Manado) Sales Representative (Manado) PT. PENERBIT BUKU ERLANGGA MAHAMERU CABANG MAKASSAR Rp4.000.000 - 4.022.100/Bulan Business Development & Sales Staff Operasional Sales Kontrak · Kerja di lokasi Minimal Diploma (D1 - D4) Pengalaman kurang dari 1 tahun Tayang 2 bulan yang lalu Diperbarui 19 hari yang lalu LAMAR & CHAT DI APLIKASI LAMAR Persyaratan Kerja di lokasi Pengalaman kurang dari 1 tahun Minimal Diploma (D1 - D4) 20-27 tahun Laki-laki saja Skills Communication Skills Sales Strategy Customer Service Sales and Marketing Benefit Kerja Transport Money THR Career Path Health Insurance Meal Allowance Work Insurance Perform Bonus Loker ini dikelola oleh Farrel Chandra Online 6 hari yang lalu Deskripsi pekerjaan Sales Representative (Manado) PT. PENERBIT BUKU ERLANGGA MAHAMERU CABANG MAKASSAR Kualifikasi: Laki-Laki, Pendidikan min. D3 (",manado,https://glints.com/id/opportunities/jobs/sales-representative-manado/3e91f8a0-94fc-45fe-86bd-88faf80a35a8,Glints,manado
Teknisi GPS (Manado),PT Teknik Instalasi Indonesia,INDONESIAN,SMK,LOWONGAN KERJA PERUSAHAAN BLOG UNDUH APP GLINTS INDONESIAN DAFTAR MASUK UNTUK PERUSAHAAN Pekerjaan/Lokasi/Sulawesi Utara/Manado/ Teknisi GPS (Manado) Teknisi GPS (Manado) PT Teknik Instalasi Indonesia Rp2.000.000 - 4.000.000/Bulan Manufaktur Teknisi Maintenance Penuh Waktu · Remote/Dari rumah Minimal SMA/SMK Pengalaman kurang dari 1 tahun Tayang 19 hari yang lalu Diperbarui 19 hari yang lalu LAMAR & CHAT DI APLIKASI LAMAR Persyaratan Remote/Dari rumah Pengalaman kurang dari 1 tahun Minimal SMA/SMK 18-40 tahun Laki-laki saja Skills Mechanical Maintenance Teamwork Maintenance Engineering Preventive Maintenance GPS Customer Service Benefit Kerja Health Insurance Work Insurance Transport Money THR Tunjangan Service Kendaraan Insentif Pemasangan Loker ini dikelola oleh AA Amelia Ayu Online 3 hari yang lalu Deskripsi pekerjaan Teknisi GPS (Manado) PT Teknik Instalasi Indonesia Persyaratan: Laki - laki Minimal pendidikan SMA/SMK Otomotif atau Teknik Kendaraan Ringan diutamakan Diutamakan domi,manado,https://glints.com/id/opportunities/jobs/teknisi-gps-manado/55aa208e-1a1d-4f41-a6ff-cd026cfd3eef,Glints,manado
Sales B2B XLSmart Manado,TPM GROUP (PT TRIMITRA PUTRA MANDIRI),"Manado, Sulawesi Utara",SMK,LOWONGAN KERJA PERUSAHAAN BLOG UNDUH APP GLINTS INDONESIAN DAFTAR MASUK UNTUK PERUSAHAAN Pekerjaan/Lokasi/Sulawesi Utara/Manado/ Sales B2B XLSmart Manado Sales B2B XLSmart Manado TPM GROUP (PT TRIMITRA PUTRA MANDIRI) Rp3.000.000 - 5.000.000/Bulan Business Development & Sales Sales Representative Penuh Waktu · Hybrid Minimal SMA/SMK 1 - 3 tahun pengalaman Tayang 16 hari yang lalu Diperbarui 2 hari yang lalu LAMAR & CHAT DI APLIKASI LAMAR Persyaratan Hybrid 1 - 3 tahun pengalaman Minimal SMA/SMK 18-45 tahun Skills Customer Relationship Management Customer Service B2B Sales Account Management Sales and Marketing Sales Management Sales Strategy Customer Engagement B2C Sales Communication Skills Benefit Kerja Work Insurance Perform Bonus Sales Commission Health Insurance Career Path THR Loker ini dikelola oleh JL Jerliyanti Liling Perusahaan Premium Online 6 jam yang lalu Deskripsi pekerjaan Sales B2B XLSmart Manado TPM GROUP (PT TRIMITRA PUTRA MANDIRI) - Melakukan penjualan produk XLSMART,manado,https://glints.com/id/opportunities/jobs/sales-b2b-xlsmart-manado/736a8b94-cd89-4d4a-9b65-1bb0e83f6301,Glints,manado
Coordinator Collection Recovery Manado,PT KB Finansia Multi Finance (Kreditplus Madiun),"Manado, Sulawesi Utara",D3,LOWONGAN KERJA PERUSAHAAN BLOG UNDUH APP GLINTS INDONESIAN DAFTAR MASUK UNTUK PERUSAHAAN Pekerjaan/Lokasi/Sulawesi Utara/Manado/ Coordinator Collection Recovery Manado Coordinator Collection Recovery Manado PT KB Finansia Multi Finance (Kreditplus Madiun) Perusahaan tidak menampilkan gaji Akuntansi Debt Collector Kontrak · Kerja di lokasi Minimal Diploma (D1 - D4) 1 - 3 tahun pengalaman Tayang 9 hari yang lalu Diperbarui 9 hari yang lalu LAMAR & CHAT DI APLIKASI LAMAR Persyaratan Kerja di lokasi 1 - 3 tahun pengalaman Minimal Diploma (D1 - D4) Skills Risk Assessment Negotiation Skills Risk Management Teamwork Data Collection Fee Collection Credit Risk Telephone Collection Benefit Kerja Health Insurance Work Insurance Internet Allowance Perform Bonus Loker ini dikelola oleh PT KB Finansia Multi Finance HRD Perusahaan Premium Online 7 jam yang lalu Deskripsi pekerjaan Coordinator Collection Recovery Manado PT KB Finansia Multi Finance (Kreditplus Madiun) Tugas & Tanggung Jawab : Mengelol,manado,https://glints.com/id/opportunities/jobs/coordinator-collection-recovery-manado/bc26b825-d715-4bb6-a425-2b89dfbc55b2,Glints,manado
PIC Network Area Manado,J&T Cargo Indonesia (PT Global Yimi Cargo),"Manado, Sulawesi Utara",S1,"LOWONGAN KERJA PERUSAHAAN BLOG UNDUH APP GLINTS INDONESIAN DAFTAR MASUK UNTUK PERUSAHAAN Pekerjaan/Lokasi/Sulawesi Utara/Manado/ PIC Network Area Manado PIC Network Area Manado J&T Cargo Indonesia (PT Global Yimi Cargo) Rp4.000.000 - 5.000.000/Bulan Operasional & Pelayanan Pelanggan Operasi Bisnis Penuh Waktu · Kerja di lokasi Minimal Sarjana (S1) 1 - 3 tahun pengalaman Tayang 8 hari yang lalu Diperbarui 8 hari yang lalu LAMAR & CHAT DI APLIKASI LAMAR Persyaratan Kerja di lokasi 1 - 3 tahun pengalaman Minimal Sarjana (S1) Laki-laki saja Skills Data Analysis Communication Skills Problem Solving Benefit Kerja Annual Leave THR Work Insurance Transport Money Health Insurance Career Path Insentif Loker ini dikelola oleh NI Nur Ikhwan Perusahaan Premium Online 3 hari yang lalu Deskripsi pekerjaan PIC Network Area Manado J&T Cargo Indonesia (PT Global Yimi Cargo) Deskripsi Pekerjaan / Job Description Sebagai PIC Network, Anda akan bertanggung jawab untuk mengelola, mengawasi, dan mengembangka",manado,https://glints.com/id/opportunities/jobs/pic-network-area-manado/6fb059f1-8caf-4a5f-80e1-74c80ce752e0,Glints,manado
Onsite Programmer (MANADO & MINAHASA),Medify,"Kab. Tana Tidung, Kalimantan Utara",D3,"LOWONGAN KERJA PERUSAHAAN BLOG UNDUH APP GLINTS INDONESIAN DAFTAR MASUK UNTUK PERUSAHAAN Pekerjaan/Lokasi/Sulawesi Utara/Kab. Minahasa/ Onsite Programmer (MANADO & MINAHASA) Onsite Programmer (MANADO & MINAHASA) Medify Rp4.000.000 - 5.000.000/Bulan Komputer & Perangkat Lunak Backend Developer Penuh Waktu · Kerja di lokasi Minimal Diploma (D1 - D4) 1 - 3 tahun pengalaman Tayang 27 hari yang lalu Diperbarui 19 hari yang lalu LAMAR & CHAT DI APLIKASI LAMAR Persyaratan Kerja di lokasi 1 - 3 tahun pengalaman Minimal Diploma (D1 - D4) Skills CSS Laravel ERP Software HTML Communication Skills Mvc Architecture PHP JavaScript Benefit Kerja THR Health Insurance Annual Leave Transport Money Career Path Work Insurance Loker ini dikelola oleh Fausiyah Komarul Perusahaan Premium Online 2 hari yang lalu Deskripsi pekerjaan Onsite Programmer (MANADO & MINAHASA) Medify Kualifikasi Pendidikan minimal D4/S1 (Teknik Informatika, Sistem InformasI, Sistem dan Teknologi Informasi, Ilmu Komputer) Mampu mengap",manado,https://glints.com/id/opportunities/jobs/onsite-programmer-manado-and-minahasa/1a538dba-7af5-4953-ae3e-6e8bf640f82e,Glints,manado
Sales Promotor Kredivo - MANADO,Kredivo Group,"Manado, Sulawesi Utara",SMK,"LOWONGAN KERJA PERUSAHAAN BLOG UNDUH APP GLINTS INDONESIAN DAFTAR MASUK UNTUK PERUSAHAAN Pekerjaan/Lokasi/Sulawesi Utara/Manado/ Sales Promotor Kredivo - MANADO Sales Promotor Kredivo - MANADO Kredivo Group Rp2.500.000 - 4.000.000/Bulan Industri Jasa Sales Promotor Penuh Waktu · Kerja di lokasi Minimal SMA/SMK 1 - 3 tahun pengalaman Tayang 18 hari yang lalu Diperbarui 18 hari yang lalu LAMAR & CHAT DI APLIKASI LAMAR Persyaratan Kerja di lokasi 1 - 3 tahun pengalaman Minimal SMA/SMK Skills Communication Skills Sales and Marketing Channel Promotion Ground Promotion Online Promotion Benefit Kerja Career Path Work Insurance Health Insurance Sales Commission Meal Allowance Loker ini dikelola oleh SA Saddam Aryo Perusahaan Premium Online 2 hari yang lalu Deskripsi pekerjaan Sales Promotor Kredivo - MANADO Kredivo Group Sales Promotor Kredivo ""Beli Sekarang, Bayar Nanti"" sedang membuka lowongan untuk posisi Sales Promotor untuk area MANADO. Berikut kualifikasi yang diperlukan: Tanggung Jawab:",manado,https://glints.com/id/opportunities/jobs/sales-promotor-kredivo-manado/b45fbf23-9549-45fd-8c41-b632985c3f49,Glints,manado
Guru Informatika - Kota Manado,Ruangguru,"Bitung, Sulawesi Utara",D3,"LOWONGAN KERJA PERUSAHAAN BLOG UNDUH APP GLINTS INDONESIAN DAFTAR MASUK UNTUK PERUSAHAAN Pekerjaan/Lokasi/Sulawesi Utara/Manado/ Guru Informatika - Kota Manado Guru Informatika - Kota Manado Ruangguru Perusahaan tidak menampilkan gaji Pendidikan & Pelatihan Guru Paruh Waktu · Kerja di lokasi Minimal Diploma (D1 - D4) Pengalaman kurang dari 1 tahun Tayang 1 bulan yang lalu Diperbarui 19 hari yang lalu LAMAR & CHAT DI APLIKASI LAMAR Persyaratan Kerja di lokasi Pengalaman kurang dari 1 tahun Minimal Diploma (D1 - D4) Skills Coding For Kids Roblox Classroom Management Teamwork Lesson Planning Scratch Teaching Benefit Kerja Work Insurance Loker ini dikelola oleh R Rekruter Perusahaan Premium Online 59 menit yang lalu Deskripsi pekerjaan Guru Informatika - Kota Manado Ruangguru Pendidikan minimal S1 dengan program studi Teknik Informatika, Sistem informasi, Matematika atau yang berkorelasi Memiliki minat dan ketertarikan untuk mengajar koding dan kecerdasan artifisial Memiliki laptop minimal",manado,https://glints.com/id/opportunities/jobs/guru-informatika-kota-manado/95255ea7-1bbf-4d35-9972-144ef51c391c,Glints,manado
Sales Officer Retention - Manado,Astra Credit Companies (ACC),"Manado, Sulawesi Utara",SMK,LOWONGAN KERJA PERUSAHAAN BLOG UNDUH APP GLINTS INDONESIAN DAFTAR MASUK UNTUK PERUSAHAAN Pekerjaan/Lokasi/Sulawesi Utara/Manado/ Sales Officer Retention - Manado Sales Officer Retention - Manado Astra Credit Companies (ACC) Perusahaan tidak menampilkan gaji Business Development & Sales Sales Representative Penuh Waktu · Kerja di lokasi Minimal SMA/SMK Pengalaman kurang dari 1 tahun Tayang 4 bulan yang lalu Diperbarui 26 hari yang lalu LAMAR & CHAT DI APLIKASI LAMAR Persyaratan Kerja di lokasi Pengalaman kurang dari 1 tahun Minimal SMA/SMK Skills Sales and Marketing Communication Skills Customer Relationship Management Customer Service Sales Management Benefit Kerja THR Health Insurance Training/Certification Work Insurance Career Path Perform Bonus Sales Commission Loker ini dikelola oleh RO Rosari Octavia Perusahaan Premium Online 2 jam yang lalu Deskripsi pekerjaan Sales Officer Retention - Manado Astra Credit Companies (ACC) Deskripsi Pekerjaan 1. Menganalisis wilayah yang berpotens,manado,https://glints.com/id/opportunities/jobs/sales-officer-retention-manado/94cff449-8681-437d-b11a-bbbbbf853179,Glints,manado
Sales Officer Perbankan - Manado,PT SWAKARYA INSAN MANDIRI CENTRAL 4,"Manado, Sulawesi Utara",D3,LOWONGAN KERJA PERUSAHAAN BLOG UNDUH APP GLINTS INDONESIAN DAFTAR MASUK UNTUK PERUSAHAAN Pekerjaan/Lokasi/Sulawesi Utara/Manado/ Sales Officer Perbankan - Manado Sales Officer Perbankan - Manado PT SWAKARYA INSAN MANDIRI CENTRAL 4 Rp4.100.000 - 6.000.000/Bulan Business Development & Sales Sales Representative Penuh Waktu · Kerja di lokasi Minimal Diploma (D1 - D4) Pengalaman kurang dari 1 tahun Tayang 2 hari yang lalu Diperbarui 2 hari yang lalu LAMAR & CHAT DI APLIKASI LAMAR Persyaratan Kerja di lokasi Pengalaman kurang dari 1 tahun Minimal Diploma (D1 - D4) 20-35 tahun Skills Customer Relationship Management Communication Skills Sales Strategy Benefit Kerja Sales Commission GAJI POKOK Transport Money Work Insurance THR Health Insurance Perform Bonus Career Path Loker ini dikelola oleh AR ALVIN RAHMA PUTRA Online 7 jam yang lalu Deskripsi pekerjaan Sales Officer Perbankan - Manado PT SWAKARYA INSAN MANDIRI CENTRAL 4 Kualifikasi: 1. Minimal pendidikan D3/D4/S1 semua jurusan 2. Memiliki,manado,https://glints.com/id/opportunities/jobs/sales-officer-perbankan-manado/ec702b17-a526-42a1-b982-b9373e9203ad,Glints,manado
Beautician / Beauty Therapist (Manado),PT. Cipta Futura Abadi,"Manado, Sulawesi Utara",SMK,"LOWONGAN KERJA PERUSAHAAN BLOG UNDUH APP GLINTS INDONESIAN DAFTAR MASUK UNTUK PERUSAHAAN Pekerjaan/Lokasi/Sulawesi Utara/Manado/ Beautician / Beauty Therapist (Manado) Beautician / Beauty Therapist (Manado) PT. Cipta Futura Abadi Rp2.500.000 - 4.000.000/Bulan Industri Jasa Beautician Penuh Waktu · Kerja di lokasi Minimal SMA/SMK 1 - 3 tahun pengalaman Tayang 6 hari yang lalu Diperbarui 6 hari yang lalu LAMAR & CHAT DI APLIKASI LAMAR Persyaratan Kerja di lokasi 1 - 3 tahun pengalaman Minimal SMA/SMK Perempuan saja Skills Nail Art Beauty Treatments Facial Benefit Kerja Career Path Loker ini dikelola oleh Recruiter PT. Cipta Futura Abadi Online 4 jam yang lalu Deskripsi pekerjaan Beautician / Beauty Therapist (Manado) PT. Cipta Futura Abadi Kualifikasi : - Wanita usia 20-35 tahun - Minimal 1 tahun pengalaman beautician (facials, slimming or nails) Jobdesk : - Memberikan pelayanan facials, slimming, nails - Memberikan edukasi dan konsultasi basic bagi customer - Menjaga standar kebersihan",manado,https://glints.com/id/opportunities/jobs/beautician-beauty-therapist-manado/8b08fc2f-8d45-42df-8f5c-355ac712fe5f,Glints,manado
Deputy Branch Manager - Cab Manado,Nusantara Sakti Group,"Kab. Minahasa Selatan, Sulawesi Utara",D3,"LOWONGAN KERJA PERUSAHAAN BLOG UNDUH APP GLINTS INDONESIAN DAFTAR MASUK UNTUK PERUSAHAAN Pekerjaan/Lokasi/Sulawesi Utara/Manado/ Deputy Branch Manager - Cab Manado Deputy Branch Manager - Cab Manado Nusantara Sakti Group Rp4.500.000 - 5.000.000/Bulan Manajemen Leadership & Senior Kepala Cabang Penuh Waktu · Kerja di lokasi Minimal Diploma (D1 - D4) 1 - 3 tahun pengalaman Tayang 6 hari yang lalu Diperbarui 6 hari yang lalu LAMAR & CHAT DI APLIKASI LAMAR Persyaratan Kerja di lokasi 1 - 3 tahun pengalaman Minimal Diploma (D1 - D4) 20-35 tahun Skills Project Management Communication Skills Google Analytics Team Management Benefit Kerja Health Insurance THR Perform Bonus Loker ini dikelola oleh R Rekruter Perusahaan Premium Online 4 hari yang lalu Deskripsi pekerjaan Deputy Branch Manager - Cab Manado Nusantara Sakti Group BANGUN KARIER ANDA BERSAMA NUSANTARA SAKTI GROUP 🚀 Siap Melangkah ke Masa Depan yang Lebih Cerah? Kami membuka kesempatan bagi Anda yang proaktif, bertanggung jawab, dan",manado,https://glints.com/id/opportunities/jobs/deputy-branch-manager-cab-manado/0f11b75e-92c8-4d2f-9449-c8a4aeef316e,Glints,manado
Admin (Sales),Hanami Language Centre Batam,"Batam, Kepulauan Riau",,Why Join Hanami? - Friendly and supportive work environment - Grow your skills and career - Make an impact through language education,admin,https://id.jobstreet.com/id/job/93413542?type=standard&ref=search-standalone&origin=cardTitle#sol=38c00abee82a993263a5f18c1a7a7e88f0b27766,Jobstreet,admin
Admin E-Commerce,PT DIAGNOSIA NUSA TEKNOLOGI,"Jakarta Barat, Jakarta Raya",,"Bergabunglah sebagai Admin E-Commerce! Kami mencari kandidat yang teliti, bertanggung jawab, dan siap berkembang bersama tim.",admin,https://id.jobstreet.com/id/job/93365558?type=standard&ref=search-standalone&origin=cardTitle#sol=3cb0b764b769699310eb51275cb04236b0f1c796,Jobstreet,admin
Administrative Officer,PT. Universe Globe Trading Group,"Jakarta Pusat, Jakarta Raya",,Manage company administration and documentation while supporting the company’s operational needs.,admin,https://id.jobstreet.com/id/job/93400535?type=standard&ref=search-standalone&origin=cardTitle#sol=68ac49663a86c4f2733f52165bd1d62ff49eb01a,Jobstreet,admin
Customer Service,JINISO.ID,"Pagedangan, Banten",,Bergabunglah bersama JINISO sebagai Customer Service Staff!,admin,https://id.jobstreet.com/id/job/93406519?type=standard&ref=search-standalone&origin=cardTitle#sol=5809c0a0d544830a4732368b59b77e40cb436161,Jobstreet,admin
Staff Administrasi,PT. INDOPLASTIK SAHABAT BERKARYA,"Jakarta Utara, Jakarta Raya",,Sebagai Staff Administrasi anda akan berkaitan dengan Proses penginputan laporan Penjualan dan laporan Pembelian,admin,https://id.jobstreet.com/id/job/93369170?type=standard&ref=search-standalone&origin=cardTitle#sol=7348cb5b9e2bb92c1b8cb613d66fc0aab814997d,Jobstreet,admin
ADMIN OPERASIONAL,PT Tribandhawa Binasarana,"Jakarta Selatan, Jakarta Raya",,"Gaji kompetitif, asuransi kesehatan, dan peluang pengembangan karir di lingkungan kerja yang profesional.",admin,https://id.jobstreet.com/id/job/93390532?type=standard&ref=search-standalone&origin=cardTitle#sol=8299be2fb85a854d42e3d1d0d5ba951b705bfe5e,Jobstreet,admin
RECEPTIONIST,PT Prima Karya Berjaya,"Jakarta Barat, Jakarta Raya",,Frontliner,admin,https://id.jobstreet.com/id/job/93386218?type=standard&ref=search-standalone&origin=cardTitle#sol=8d796961bf67c2ac7a5669ee89a56d98db700139,Jobstreet,admin
Admin Operasional,PT PROSPEK MANUNGGAL ABADI,"Tangerang, Banten",,Membuat DLN Mendata SPK Produksi Mendata asuransi kiriman ekspedisi / luar kota Membuat permintaan pembelian / pembayaran,admin,https://id.jobstreet.com/id/job/93406359?type=standard&ref=search-standalone&origin=cardTitle#sol=67a839f7667d05ca7c2356cc1adb977fc243012f,Jobstreet,admin
Procurement Staff,"PT Darya Varia Laboratoria, Tbk","Cilandak, Jakarta Raya",,Supports end-to-end purchasing processes to ensure material availability and operational efficiency,admin,https://id.jobstreet.com/id/job/93400663?type=standard&ref=search-standalone&origin=cardTitle#sol=2d2e8e1a5bb5adb881ba64031545da3faa6ae5cc,Jobstreet,admin
Administrasi,PT Perdana Bangun Pusaka Tbk,"Jakarta Pusat, Jakarta Raya",,PT Perdana Bangun Pusaka Tbk bergerak dalam bidang penjualan dan distribusi produk fotografi dan percetakan umum,admin,https://id.jobstreet.com/id/job/93400748?type=standard&ref=search-standalone&origin=cardTitle#sol=05ed02469f42ad9a7a4500757bfc57db1a8454bc,Jobstreet,admin
Sales Admin,PT Citra Airindo Abadi,"Surabaya, Jawa Timur",,"Membantu sales koordinasi dan follow-up pelanggan, menyiapkan data/administrasi, serta menjalankan tugas dengan baik.",admin,https://id.jobstreet.com/id/job/93368809?type=standard&ref=search-standalone&origin=cardTitle#sol=16f8be9ba59342f3f492a84ab645c2357cb71e8f,Jobstreet,admin
Staff Admin Teknik,PT BRINGIN KARYA SEJAHTERA,"Jakarta Selatan, Jakarta Raya",,PT. BRINGIN KARYA SEJAHTERA (BKS) adalah salah satu Perusahaan Anak Dana Pensiun BRI yang bergerak dalam Bidang Konstruksi...,admin,https://id.jobstreet.com/id/job/93050605?type=standard&ref=search-standalone&origin=cardTitle#sol=54c73bba737ab93ef8f691275f82b21f4170fa1b,Jobstreet,admin
Admin Assistant,Ryvo,Jakarta Raya,,Remote Administrative Assistant supporting U.S. clients and daily operations,admin,https://id.jobstreet.com/id/job/93404487?type=standard&ref=search-standalone&origin=cardTitle#sol=934a06333e9886909cb71f349fad1d2dc88a4fa3,Jobstreet,admin
Customer Service & Administrative Executive - Semarang,PT Central Mega Kencana,"Semarang, Jawa Tengah",,"Selling Products, Maintain New & Existing Customer.",admin,https://id.jobstreet.com/id/job/93386697?type=standard&ref=search-standalone&origin=cardTitle#sol=929d388c179e9841983de89dba179973645c5135,Jobstreet,admin
Sales Admin,PT Citra Airindo Abadi,Jakarta Raya,,"Membantu sales koordinasi dan follow-up pelanggan, menyiapkan data/administrasi, serta menjalankan tugas dengan baik.",admin,https://id.jobstreet.com/id/job/93369704?type=standard&ref=search-standalone&origin=cardTitle#sol=de74ad1045d754831dc922580a69c1f7825a054f,Jobstreet,admin
Staf Gudang,Ayana Pack,"Sidoarjo, Jawa Timur",,Gaji kompetitif & asuransi kesehatan.,admin,https://id.jobstreet.com/id/job/93363111?type=standard&ref=search-standalone&origin=cardTitle#sol=29b4cde9151b64396177a6d32199ce0055682c5d,Jobstreet,admin
Logistics Admin,PT SOS Indonesia,"Jakarta Pusat, Jakarta Raya",,The Logistics Admin plays an important role in ensuring smooth logistics operations,admin,https://id.jobstreet.com/id/job/93342641?type=standard&ref=search-standalone&origin=cardTitle#sol=9eb1b7c507503cd394109b341f5311421800b9cf,Jobstreet,admin
Administrasi,PT Inti Pelita Jaya Maju,"Jakarta Selatan, Jakarta Raya",,"Full-time Admin (BA, fresh grad/1+ yr). Fluent in ID/EN/KR, skilled in Notion/Office. Manages docs, finance, HR, immigration, vendors.",admin,https://id.jobstreet.com/id/job/93388659?type=standard&ref=search-standalone&origin=cardTitle#sol=547a58a81626ee42861d83f0f9ee677d923dffc0,Jobstreet,admin
Admin Gudang,CV Sukacita Textile,"Jakarta Barat, Jakarta Raya",,"Kelola inventaris tekstil dengan sistem modern. Gaji kompetitif, asuransi kesehatan, dan pengembangan karir menanti.",admin,https://id.jobstreet.com/id/job/93340142?type=standard&ref=search-standalone&origin=cardTitle#sol=9b09e53f46aa07b9d6987fb962735fa7a55d148b,Jobstreet,admin
PURCHASING STAFF,PT. YUANQUAN STEEL INDONESIA,"Tangerang, Banten",,individu di bidang purchasing yang berpengalaman dalam industri besi dan baja untuk bergabung dengan perusahaan kami,admin,https://id.jobstreet.com/id/job/92963135?type=standard&ref=search-standalone&origin=cardTitle#sol=0a93818cd2b215738fc91f416bb7e7c5f5eaf218,Jobstreet,admin
Finance Front Office (KASIR/BILLING),Columbia Asia Indonesia,"Jakarta Timur, Jakarta Raya",,"Proses pembayaran pasien akurat, gaji kompetitif, asuransi kesehatan lengkap, dan pengembangan karir di rumah sakit internasional.",admin,https://id.jobstreet.com/id/job/93345531?type=standard&ref=search-standalone&origin=cardTitle#sol=ad36dc475b4c8849164a2fd3f28350aac7e58098,Jobstreet,admin
STAFF PLB WAREHOUSE,PT Bimaruna Jaya (Korindo Group),"Jakarta Utara, Jakarta Raya",,Bergabung dengan perusahaan logistik terkemuka sebagai Staff PLB Warehouse,admin,https://id.jobstreet.com/id/job/93387113?type=standard&ref=search-standalone&origin=cardTitle#sol=eca89d5e92052a0ead7c044caba3111bff5b52e5,Jobstreet,admin
Warehouse Administration Staff (Jakarta),PT. Indomak Kitacipta Karya,"Kelapa Gading, Jakarta Raya",,.,admin,https://id.jobstreet.com/id/job/93305000?type=standard&ref=search-standalone&origin=cardTitle#sol=38472564fac69ab68cc6c727ff4de2c1b1f266d2,Jobstreet,admin
Project Admin Supervisor (Alat Kesehatan),PT Tigaka Distrindo Perkasa,"Jakarta Pusat, Jakarta Raya",,Dibutuhkan Project Admin Supervisor (Alat Kesehatan),admin,https://id.jobstreet.com/id/job/93115503?type=standard&ref=search-standalone&origin=cardTitle#sol=2e32ea675adcc1219f4a815b9d798cdc3043c5ca,Jobstreet,admin
Cleaning Service,PT. Nuansa Usaha Mandiri,"Jakarta Selatan, Jakarta Raya",,"Membantu membersihkan, mengelola kebersihan dan kerapihan kantor. Administrasi. Dll Lingkungan kerja positif dan suportif.",admin,https://id.jobstreet.com/id/job/93396376?type=standard&ref=search-standalone&origin=cardTitle#sol=36b05ab92b140e50cb9cb243f0e4b21102a51515,Jobstreet,admin
Front Office,PT Dian Bayu Tribuana,"Bekasi, Jawa Barat",,"Memberikan layanan ramah, dan profesional kepada pasien, termasuk pengelolaan jadwal, administrasi, untuk memastikan pengalaman pasien yang positif.",admin,https://id.jobstreet.com/id/job/93398439?type=standard&ref=search-standalone&origin=cardTitle#sol=18fd81332e0714559afea108449baabbdcc3dd04,Jobstreet,admin
Admin,PT Makmur Anugerah Jaya Abadi,"Surabaya, Jawa Timur",,"Kami sedang mencari Staf Administrasi yang detail, proaktif, dan terorganisir untuk mendukung kelancaran operasional harian kami.",admin,https://id.jobstreet.com/id/job/93306421?type=standard&ref=search-standalone&origin=cardTitle#sol=ba4ba5ce0b5d51023389225a451a66a4d32c78da,Jobstreet,admin
Finance Admin,PT RUISHENG INDONESIA,"Karawaci, Banten",,"Dibutuhkan staff admin finance ditempatkan di daerah lippo karawaci, Tangerang",admin,https://id.jobstreet.com/id/job/93401033?type=standard&ref=search-standalone&origin=cardTitle#sol=e263f7f69ed6790d7ac9b60680dbaf699cb679db,Jobstreet,admin
ADMIN PROJECT,PT Buana Menara Indonesia,"Tangerang, Banten",,Memberikan dukungan administrasi untuk memastikan kegiatan proyek berjalan tertib dan terdokumentasi dengan baik.,admin,https://id.jobstreet.com/id/job/93407424?type=standard&ref=search-standalone&origin=cardTitle#sol=8c0ed12fde5496ac9dbdf1a69b9020e768281ed1,Jobstreet,admin
Administrasi Keuangan,Sumber Rezeki,"Sidoarjo, Jawa Timur",,"Gaji kompetitif, tunjangan kesehatan, dan peluang pengembangan karier dalam tim profesional yang mendukung. Diutamakan domisili Sidoarjo",admin,https://id.jobstreet.com/id/job/93364759?type=standard&ref=search-standalone&origin=cardTitle#sol=93a1b5310ac1ebd9d00c5427616b387f5960f9c9,Jobstreet,admin
STAFF PURCHASING / PROCUREMENT / PEMBELIAN,PT Bijak Wahana Sukses,"Surabaya, Jawa Timur",,"Pengalaman kerja yang baik, Suasana kerja yang nyaman, dan Tempat untuk berkembang yang baik di bidang Supply Chain dan Procurement.",D3,https://id.jobstreet.com/id/job/93338053?type=standard&ref=search-standalone&origin=cardTitle#sol=2b5d4130800204f1a66f6d652796e571ba9d1762,Jobstreet,D3
STAFF PLB WAREHOUSE,PT Bimaruna Jaya (Korindo Group),"Jakarta Utara, Jakarta Raya",,Bergabung dengan perusahaan logistik terkemuka sebagai Staff PLB Warehouse,D3,https://id.jobstreet.com/id/job/93387113?type=standard&ref=search-standalone&origin=cardTitle#sol=135d08c33f8aacecf3ccd4e2f54fcb5bd7dd0885,Jobstreet,D3
General Affairs Staff,PT Amerta Kosmetika Teknologi,"Jakarta Utara, Jakarta Raya",,"Mengelola kegiatan operasional kantor mulai dari ATK dan Supplies, maintenance fasilitas dan asset, hingga pelaksanaan kegiatan internal perusahaan.",D3,https://id.jobstreet.com/id/job/92861940?type=standard&ref=search-standalone&origin=cardTitle#sol=40085c8559e94024b166b4d320b30070c298d572,Jobstreet,D3
General Affair Staff,PT. MULTI PRESTASI MAS,"Gunung Sindur, Jawa Barat",,"HRGA Staff dengan fokus utama pekerjaan pada General Affair. Pekerjaan dan kegiatan berkaitan dengan komunikasi, diskusi, monitoring dan evaluasi team",D3,https://id.jobstreet.com/id/job/93126388?type=standard&ref=search-standalone&origin=cardTitle#sol=7879dc73d582704b425233ada82bfc84b17a8f71,Jobstreet,D3
Logistik Staff,PT Jagat Konstruksi Abdipersada,"Jakarta Barat, Jakarta Raya",,Logistik Staff Pendidikan Minimal D3 / S1 Teknik Sipil (diutamakan dari Universitas terkemuka) Lebih mengutamakan yang telah berpengalaman di...,D3,https://id.jobstreet.com/id/job/93047643?type=standard&ref=search-standalone&origin=cardTitle#sol=f5814a45bbcea660ca7a02bec9939f51c0902e9a,Jobstreet,D3
Invoicing and Mailing Admin,"PT Indomobil Sukses Internasional, Tbk","Jakarta Timur, Jakarta Raya",,"Kami mencari individu yang bersemangat, bertanggung jawab, dan siap berkembang bersama tim kami.",D3,https://id.jobstreet.com/id/job/93368107?type=standard&ref=search-standalone&origin=cardTitle#sol=520d925de51d40a02872a564aaeaffec95ed73e6,Jobstreet,D3
Branch Operational Support,PT Lesca Gadai Premier,"Jakarta Selatan, Jakarta Raya",,-,D3,https://id.jobstreet.com/id/job/93401086?type=standard&ref=search-standalone&origin=cardTitle#sol=c20ae14fa4dc1aff45495f30393580c8e722566b,Jobstreet,D3
Staf Logistik Proyek (Tinggal di Gorontalo),PT Dwi Tunggal Surya Jaya,Gorontalo,,"D3 atau S1 Manajemen, Pengalaman sebagai staf logistik selama 3 tahun di proyek konstruksi, memiliki pengetahuan mengenai material sipil dan ME",D3,https://id.jobstreet.com/id/job/93342687?type=standard&ref=search-standalone&origin=cardTitle#sol=2b625933c83f3163baf2ceb8e5c9471c7f002717,Jobstreet,D3
Staff Export - Import,PT Fumakilla Indonesia,"Jakarta Selatan, Jakarta Raya",,Lamar posisi ini sekarang dan bergabunglah dengan tim kami yang solid dan dinamis di PT. Fumakilla Indonesia!,D3,https://id.jobstreet.com/id/job/93339171?type=standard&ref=search-standalone&origin=cardTitle#sol=c24cad6111761b2e116e541e4deba61aa255ccbc,Jobstreet,D3
Staff Accounting,PT Srirejeki Perdana Steel,Cikarang,,Adanya pengembangan karir,D3,https://id.jobstreet.com/id/job/93248531?type=standard&ref=search-standalone&origin=cardTitle#sol=5a03c61f8ad3fdc96098dbb37a47b98865855e12,Jobstreet,D3
Accounting Staff,PT TRI SUKSES WANATAMA,"Jakarta Pusat, Jakarta Raya",,Staff Akuntansi,D3,https://id.jobstreet.com/id/job/93289495?type=standard&ref=search-standalone&origin=cardTitle#sol=775edb7ba505aa3c36652437e5178ecadd2dc99a,Jobstreet,D3
STAFF RnD,"PT Mark Dynamics Indonesia, Tbk","Medan, Sumatera Utara",,"Perusahaan membutuhkan karyawan untuk bergabung sebagai ""Staff RnD” yang bertanggung jawab atas:Mehamami dan menerapkan standar kualitas hasil...",D3,https://id.jobstreet.com/id/job/92830032?type=standard&ref=search-standalone&origin=cardTitle#sol=4c6620162c9afbfb6edbe868eaddfb449963bd9e,Jobstreet,D3
Relationship Officer BCA Finance - Penempatan JABODETABEK,PT BCA Finance,Jakarta Raya,,Deskripsi Pekerjaan:• Menjaga hubungan baik dengan konsumen maupun dealer/showroom otomotif untuk memenuhi target penjualan yang telah ditetapkan...,D3,https://id.jobstreet.com/id/job/93248926?type=standard&ref=search-standalone&origin=cardTitle#sol=3ce282cd738b7098171ad9c2e21899648099816b,Jobstreet,D3
Staff Finance & Accounting,PT Gogobli Asia Teknologi,"Jakarta Pusat, Jakarta Raya",,Job Description : Melakukan pencatatan dan dokumentasi Melakukan pengaturan administrasi keuangan perusahaan Menyusun dan membuat laporan keuangan...,D3,https://id.jobstreet.com/id/job/93164377?type=standard&ref=search-standalone&origin=cardTitle#sol=1b29d2d8221c904eca4fce61ce1c55ab1aebc7f0,Jobstreet,D3
Administrasi Workshop (Balaraja),PT Senamas Energindo Mineral,"Balaraja, Banten",,"Posisi ini memiliki peran strategis dalam mendukung kelancaran operasional melalui pengelolaan administrasi, laporan, dan koordinasi antar tim.",D3,https://id.jobstreet.com/id/job/93319348?type=standard&ref=search-standalone&origin=cardTitle#sol=0b6b90053d03f8936bacae96d3569c7afa42b1e7,Jobstreet,D3
Admin Lapangan,Putra Sukses Perkasa,"Serang, Banten",,Admin lapangan,D3,https://id.jobstreet.com/id/job/93197473?type=standard&ref=search-standalone&origin=cardTitle#sol=b3444322b54c01e7881978394707dfcb4a646aba,Jobstreet,D3
Asset Management (Administrator),PT Petrolindo Energi Perkasa,"Jakarta Utara, Jakarta Raya",,"Tunjangan kompetitif, pengembangan karir, dan lingkungan kerja dinamis di perusahaan energi terkemuka. Lamar sekarang!",D3,https://id.jobstreet.com/id/job/93398259?type=standard&ref=search-standalone&origin=cardTitle#sol=de7aac188803c8a9c7b52e1f027b2344974548a9,Jobstreet,D3
Customer Service,Natindo Cargo,"Jakarta Barat, Jakarta Raya",,"Gaji kompetitif, asuransi kesehatan, dan kesempatan berkembang di perusahaan logistik terkemuka Indonesia.",D3,https://id.jobstreet.com/id/job/93280917?type=standard&ref=search-standalone&origin=cardTitle#sol=8a55df3ff7060c75468928ed916a7af039948179,Jobstreet,D3
Accounting & Finance,PT. KALIMAS SARANA SUPLINDO,"Jakarta Pusat, Jakarta Raya",,Mampu mengoperasikan program komputer akuntansi termasuk menginput seluruh daftar transaksi keuangan Memahami dan mampu membuat laporan keuangan...,D3,https://id.jobstreet.com/id/job/93302291?type=standard&ref=search-standalone&origin=cardTitle#sol=f0c96d1cd49df48262586622b8f9eff8e3f7ff73,Jobstreet,D3
Admin Produksi,PT Staedtler Indonesia (Serang),"Serang, Banten",,Kami mencari individu yang teliti dan terampil dalam mengolah data untuk mendukung kelancaran operasional pabrik.,D3,https://id.jobstreet.com/id/job/93387466?type=standard&ref=search-standalone&origin=cardTitle#sol=4451553a13930a50611cf15cd5e5c10eea5cfe6f,Jobstreet,D3
Staff Purchasing,PT. Emitraco Investama Mandiri,"Cakung, Jakarta Raya",,Staff PurchasingKesempatan berkarier di perusahaan logistik dan alat berat yang terus berkembang. Lingkungan kerja profesional,D3,https://id.jobstreet.com/id/job/93286836?type=standard&ref=search-standalone&origin=cardTitle#sol=84c38f27f58f1fe37cdfc9a4c0da286328beb4fe,Jobstreet,D3
CIMB Niaga CSO - Jawa Tengah,PT CIMB Niaga Tbk,Jawa Tengah,,Teller CIPTA Jawa Tengah,D3,https://id.jobstreet.com/id/job/93307146?type=standard&ref=search-standalone&origin=cardTitle#sol=6a440fd4d9db225c383f083914e9c383fa3417da,Jobstreet,D3
ADMIN OPERASIONAL,PT Tribandhawa Binasarana,"Jakarta Selatan, Jakarta Raya",,"Gaji kompetitif, asuransi kesehatan, dan peluang pengembangan karir di lingkungan kerja yang profesional.",D3,https://id.jobstreet.com/id/job/93390532?type=standard&ref=search-standalone&origin=cardTitle#sol=bba79cb461ef3139cbda0f9f3a7833fa5daf0b8b,Jobstreet,D3
Staff Administrasi,PT. OFERO TECHNOLOGY INDONESIA,"Semarang, Jawa Tengah",,"Bagi kandidat yang bersemangat, bertanggung jawab, dan ingin berkembang bersama dalam lingkungan yang profesional, kolaboratif, dan suportif.",D3,https://id.jobstreet.com/id/job/93290468?type=standard&ref=search-standalone&origin=cardTitle#sol=f361bd99574356b3ba08dbeeb3ab4ad047c2010e,Jobstreet,D3
STAFF LOGISTIK (WAREHOUSE),PT. Sinergi Urban Indonesia,"Serang, Banten",,"Mengelola penyimpanan, pemeliharaan, pendistribusian material serta peralatan proyek agar tersedia tepat waktu, dalam jumlah yang sesuaI.",D3,https://id.jobstreet.com/id/job/93308474?type=standard&ref=search-standalone&origin=cardTitle#sol=907cd9b1b9f2151b3b36cf5b674a78bd15fbc8e3,Jobstreet,D3
Purchasing Staff,PT Star Sparta Indonesia,"Jakarta Utara, Jakarta Raya",,"Bertanggung jawab untuk menjalin komunikasi dgn supplier terkait develop barang, mengorder barang, dan negosiasi harga serta menganalisa stok perbulan",D3,https://id.jobstreet.com/id/job/93340452?type=standard&ref=search-standalone&origin=cardTitle#sol=a99584b988f32e0120396e31292182b52c91d022,Jobstreet,D3
Sekretaris,PT Prima Tigon Global,"Jakarta Pusat, Jakarta Raya",,"Gaji kompetitif, kesehatan terjamin, dan berkembang bersama perusahaan profesional di Jakarta Pusat.",D3,https://id.jobstreet.com/id/job/93285070?type=standard&ref=search-standalone&origin=cardTitle#sol=c7ce7289a82e3d037bf0a5811e50ec931052f74d,Jobstreet,D3
Vendor & Contract Management Admin Staff,PT Rusli Vinilon Sakti,"Jakarta Pusat, Jakarta Raya",,"Membantu divisi Pembelian/Pengadaan dalam pengarsipan dokumen, distribusi & pengolahan dokumen, pembuatan permintaan penawaran harga & PO.",D3,https://id.jobstreet.com/id/job/93291060?type=standard&ref=search-standalone&origin=cardTitle#sol=caab323d451716ca5fca0d868f508ed20b23a76e,Jobstreet,D3
Liaison Admin Staff,Pengiklan Anonim,"Jakarta Selatan, Jakarta Raya",,Menjadi penghubung yang memastikan komunikasi berjalan lancar dan administrasi selalu tertata.,D3,https://id.jobstreet.com/id/job/93383306?type=standard&ref=search-standalone&origin=cardTitle#sol=8d92e9e2c549eb0697e67908a385581d43d95fa6,Jobstreet,D3
Purchasing Staff,PT Daehwa TND International,Cikarang,,Kami sedang mencari Purchasing Staff yang bertanggung jawab dalam kebutuhan proses pengadaan barang secara end to end.,D3,https://id.jobstreet.com/id/job/93244807?type=standard&ref=search-standalone&origin=cardTitle#sol=41921ddf00d276d62f01cce70b9270e1eb949409,Jobstreet,D3
"Bancassurance Financial Advisor Regional Manado (Gorontalo, Manado, Ternate)",PT ASURANSI BRI LIFE,"Manado, Sulawesi Utara",,Tugas Utama : Mengidentifikasi kebutuhan perlindungan dan perencanaan keuangan nasabah bank. Memberikan penjelasan mengenai produk asuransi,manado,https://id.jobstreet.com/id/job/92961771?type=standard&ref=search-standalone&origin=cardTitle#sol=3bcbac6b096ebf36ab46d3231cf19b37b47458cb,Jobstreet,manado
Store Supervisor - Resto Concept (Manado),ISMAYA GROUP,"Manado, Sulawesi Utara",,"Supervise the front-end operations, such as performing opening and closing operations",manado,https://id.jobstreet.com/id/job/93345956?type=standard&ref=search-standalone&origin=cardTitle#sol=39ed373cfd32e343b0695102fda66b411aa2e018,Jobstreet,manado
Branch Manager (Cabang Manado-Sulawesi Utara),PT Star Sparta Indonesia,"Manado, Sulawesi Utara",,"Bertanggung jawab memimpin, mengelola & mengawasi seluruh kegiatan sales & operasional agar berjalan sesuai dengan kebijakan dan target perusahaan.",manado,https://id.jobstreet.com/id/job/93277626?type=standard&ref=search-standalone&origin=cardTitle#sol=5562c443d2db17b60139ecb04a4feb26081e905a,Jobstreet,manado
Assistant Propaganda (YL Manado),PT. Yakult Indonesia Persada,"Manado, Sulawesi Utara",,"Melaksanakan dan mengelola Plant Visit & Film Showing sesuai target, memahami produk Yakult, serta menjaga sarana dan menjangkau objek potensial.",manado,https://id.jobstreet.com/id/job/93368876?type=standard&ref=search-standalone&origin=cardTitle#sol=aacffe08e882f33b6f67fab1b77b777b00405f4d,Jobstreet,manado
ADMIN LOGISTIK DAN FINANCE - MANADO,PT Karya Anugerah Jaya,"Manado, Sulawesi Utara",,Benefit : 1. Gaji UMK 2. BPJS Ketenagakerjaan dan Kesehatan 3. Kompensasi,manado,https://id.jobstreet.com/id/job/93304537?type=standard&ref=search-standalone&origin=cardTitle#sol=6721c0d7e4a189f077de33c9262198e7ec96491c,Jobstreet,manado
Recruiter Area (Mass hiring sales) - Manado,BukuWarung,"Manado, Sulawesi Utara",,"Drive mass hiring for regional Sales teams through end-to-end recruitment and local sourcing strategies in a fast-paced, target-driven environment.",manado,https://id.jobstreet.com/id/job/92862965?type=standard&ref=search-standalone&origin=cardTitle#sol=b6ef1d4db82230d2f019f4f1c73843d3e9323693,Jobstreet,manado
Transport Manager (Manado),PT Global Yimi Cargo (J&T Cargo),"Manado, Sulawesi Utara",,"Lead import operations with expertise in air & ocean logistics, Customs compliance, and team management to drive service excellence.",manado,https://id.jobstreet.com/id/job/93311609?type=standard&ref=search-standalone&origin=cardTitle#sol=7723ee20d755d13a1bd4a787b2bad5886bf4993f,Jobstreet,manado
Area Sales Manager - Manado & Parigi,PT BNI Life Insurance,"Manado, Sulawesi Utara",,urgently required Area Sales Manager,manado,https://id.jobstreet.com/id/job/93343116?type=standard&ref=search-standalone&origin=cardTitle#sol=16823649c810bcb27249088ecc27e11ac525e430,Jobstreet,manado
Admin Operational (Paid Internship) - Cabang Manado,"PT. BFI FINANCE INDONESIA, Tbk","Manado, Sulawesi Utara",,Support proses pengurusan Pajak/STNK/BPKB berjalan sesuai dengan permintaan cabang dan tepat waktu. Membantu proses pembayaran bonus BA berjalan...,manado,https://id.jobstreet.com/id/job/92953180?type=standard&ref=search-standalone&origin=cardTitle#sol=9e51cf9ea6221707cdcba555de182e3b695a3e4b,Jobstreet,manado
BANCASSURANCE SPECIALIST - MANADO DAN SEKITARNYA,PT BNI Life Insurance,"Manado, Sulawesi Utara",,Representative BNI Life yang akan ditempatkan di cabang Bank BNI bertugas melakukan pemasaran produk Bancassurance (Individu).,manado,https://id.jobstreet.com/id/job/93369727?type=standard&ref=search-standalone&origin=cardTitle#sol=1c803670c6800ce284d2e8a2d439912e23cec23e,Jobstreet,manado
Operational Sales Manager,PT Santiniluwansa Lestari,"Bandung, Jawa Barat",,Tanggungjawab Operasional Sales Manager mengatur seluruh kegiatan operasional perusahaan serta tim.,manado,https://id.jobstreet.com/id/job/93393811?type=standard&ref=search-standalone&origin=cardTitle#sol=9b7ede887455f0da81b5fa658b58ce199a37ed1f,Jobstreet,manado
AREA PROMOTION SUPERVISOR (MANADO),"PT Industri Jamu Dan Farmasi Sido Muncul, Tbk","Manado, Sulawesi Utara",,Membuat srategi pemasaran dan menjalankan semua bentuk kegiatan promosi untuk meingkatkan brand awarness dan pencapaian omzet di area fokus.,manado,https://id.jobstreet.com/id/job/93123496?type=standard&ref=search-standalone&origin=cardTitle#sol=3ac244523b2236c686a344e26096daeb12b569bb,Jobstreet,manado
Sales Area (Manado),MODENA,"Manado, Sulawesi Utara",,Bangun hubungan baik dan jadi partner terpercaya untuk dealer/toko,manado,https://id.jobstreet.com/id/job/93291884?type=standard&ref=search-standalone&origin=cardTitle#sol=7e3b9f5451baf5a5bc0e6e5cfc1cd37dd47f8e25,Jobstreet,manado
HR Supervisor (Manado),PT Global Yimi Cargo (J&T Cargo),"Manado, Sulawesi Utara",,-,manado,https://id.jobstreet.com/id/job/93226758?type=standard&ref=search-standalone&origin=cardTitle#sol=507454a21fc8de50fe13a35f22bda25081f3a261,Jobstreet,manado
Sales Yamaha Area Manado,PT Hasjrat Abadi,"Manado, Sulawesi Utara",,"Membangun relasi, menawarkan produk, mencapai target penjualan, serta memastikan pelanggan mendapat layanan terbaik",manado,https://id.jobstreet.com/id/job/93138176?type=standard&ref=search-standalone&origin=cardTitle#sol=fb094a73a1102bad9c273746e2928f3905dabbb9,Jobstreet,manado
Financial Service Consultant Syariah - Manado & Ambon,PT Prudential Sharia Life Assurance,"Manado, Sulawesi Utara",,Deskripsi Pekerjaan: Memasarkan produk bancassurance Prudential Syariah kepada nasabah bank mitra Membangun & membina hubungan baik dengan staff Bank.,manado,https://id.jobstreet.com/id/job/93135975?type=standard&ref=search-standalone&origin=cardTitle#sol=42cfe408b1753c2f3637ff1cb353d6b8ebdfb6d5,Jobstreet,manado
SALES ASURANSI BANCASSURANCE AREA MANADO,PT Asuransi Jiwa Manulife Indonesia (Dept PB Danamon),"Manado, Sulawesi Utara",,PT Asuransi Jiwa Manulife Indonesia membuka kesempatan berkarir di Manulife Bancassurance yang akan ditempatkan di Kantor Cabang Mitra Bank kami.,manado,https://id.jobstreet.com/id/job/93056868?type=standard&ref=search-standalone&origin=cardTitle#sol=54c761c313c862492d1a6415ee56ab69f401175e,Jobstreet,manado
Back Processing Staff - Branch Manado,"PT. BFI FINANCE INDONESIA, Tbk","Manado, Sulawesi Utara",,"Berdomisili di Manado dan sekitarnya Menguasai Ms. Office (Word, Excel etc) Berpengalaman di bidang Administrasi menjadi nilai tambah Medical &...",manado,https://id.jobstreet.com/id/job/92953176?type=standard&ref=search-standalone&origin=cardTitle#sol=fdbc19e196f893a0862d5422f535bb61e476687b,Jobstreet,manado
SALES REPRESENTATIVE MANADO (SR MDO - JS),PT Antarmitra Sembada,"Manado, Sulawesi Utara",,"Deskripsi Pekerjaan: Bertanggung jawab atas tercapainya target penjualan. Melakukan penawaran dan penjualan produk farmasi, alat kesehatan dan...",manado,https://id.jobstreet.com/id/job/93109285?type=standard&ref=search-standalone&origin=cardTitle#sol=fd06266b62b38e791ea1373d6f8f8e858a772403,Jobstreet,manado
Asscociate Supervisor Collection (Manado Branch),PT Sukanda Djaya,"Manado, Sulawesi Utara",,Kontrol A/R dan checking secara berkala berdasarkan database & Follow Up pembayaran ke Customer sesuai dengan Term of Payment (TOP),manado,https://id.jobstreet.com/id/job/93214505?type=standard&ref=search-standalone&origin=cardTitle#sol=d4ab383a4d8c62090587bca1af2fe16c3e1ae178,Jobstreet,manado
Litigation Asset Recovery - Branch Manado,"PT. BFI FINANCE INDONESIA, Tbk","Manado, Sulawesi Utara",,"Berkoordinasi dengan Litigation Head Office mengenai kasus, perkembangannya, dan kendala-kendala yang dihadapi sehingga dapat diberikan pendapat...",manado,https://id.jobstreet.com/id/job/92995705?type=standard&ref=search-standalone&origin=cardTitle#sol=ec37d0014853a8fbece710cb4b287c9f8c864588,Jobstreet,manado
Warehouse Supervisor (Manado),Pengiklan Anonim,"Manado, Sulawesi Utara",,Accountabilities / Work Scopes : To Manage warehouse operation in his/ her work scope effectively and efficiently according to the plan made by the...,manado,https://id.jobstreet.com/id/job/93206912?type=standard&ref=search-standalone&origin=cardTitle#sol=f8e74ca69153f7c2d21602a96981d4f3418694be,Jobstreet,manado
Manager Finance Accounting Area Manado,PT. Dwikarya Mitra Pratama,Sulawesi Utara,,"Manager Finance & Accounting bertanggung jawab mengelola keuangan, akuntansi, pajak, cash flow, budgeting, dan laporan keuangan perusahaan.",manado,https://id.jobstreet.com/id/job/92947808?type=standard&ref=search-standalone&origin=cardTitle#sol=ebca1b5d4549b54719b3d828ea3739d862c4eb0f,Jobstreet,manado
Area Sales Promotion Manager (ASPM),"PT Indofood CBP Sukses Makmur, Tbk (Noodle Division)",Sulawesi Utara,,Area Sales Promotion Manager akan bertanggungjawab terhadap pencapaian Sales Noodle dan Culinary Product (volume dan value) di areanya,manado,https://id.jobstreet.com/id/job/93149699?type=standard&ref=search-standalone&origin=cardTitle#sol=dcc64160664229b8cc44404af8417cd111e0224e,Jobstreet,manado
Promotion Supervisor Manado (Talent Pool) - Supervisor,Erajaya Group,Jakarta Raya,,"1. Analyzing Market related to capacity, pricing, promotion, & strategy in each region for retail channel and distribution. 2. Creating promotion...",manado,https://id.jobstreet.com/id/job/93412480?type=standard&ref=search-standalone&origin=cardTitle#sol=6c76f31253fb0a779be97ff87e6b88cab1ce1c1e,Jobstreet,manado
Floor Manager - JD Sports Manado - Supervisor,Erajaya Group,Jakarta Raya,,"At least 4 years of working experience in retail industry or related field, preferably have experience as an Store Supervisor with min. 3 year...",manado,https://id.jobstreet.com/id/job/93412405?type=standard&ref=search-standalone&origin=cardTitle#sol=448af0d36c6b0248dde2804d9458c7ea7a9be5f0,Jobstreet,manado
Marketing Officer (Manado),PT Dipo Star Finance,"Manado, Sulawesi Utara",,Acquire new customer and maintain good relationship with customer,manado,https://id.jobstreet.com/id/job/93072342?type=standard&ref=search-standalone&origin=cardTitle#sol=c97ef048747c70789e829ed7d050eea66d01b3dd,Jobstreet,manado
Activation & Partnership Supervisor - Manado - Supervisor,Erajaya Group,Jakarta Raya,,4. Build and maintain regular partnership agreements (new partnerships) and local programs. 5. Assist in executing sales promotion programs to...,manado,https://id.jobstreet.com/id/job/93412379?type=standard&ref=search-standalone&origin=cardTitle#sol=836bd6be88534849a152574755cba33c65e014f6,Jobstreet,manado
MEDICAL DEVICE SALES REPRESENTATIVES (MANADO),Revass Utama Medika PT,"Manado, Sulawesi Utara",,Tugas utama seorang Medical Device Executive melibatkan pengelolaan strategi penjualan dan pengembangan pasar untuk produk-produk alat kesehatan.,manado,https://id.jobstreet.com/id/job/93026770?type=standard&ref=search-standalone&origin=cardTitle#sol=4f8ebc383fbff7cfd8dd6cb2199c249bc96852a2,Jobstreet,manado
Business Executive (Sales Wilayah Manado),PT. Datascrip,"Manado, Sulawesi Utara",,Mendistribusikan produk pada area yang telah ditetapkan. Mencapai target kuota penjualan. Menjaga hubungan yang baik dengan customer.,manado,https://id.jobstreet.com/id/job/93077633?type=standard&ref=search-standalone&origin=cardTitle#sol=c9ca21bb9d842ddad694e20c17d0c94d71f4788a,Jobstreet,manado
Tips Loker,© 2026 LokerID by PT Loker Asli Indonesia,LokerID adalah platform lowongan kerja dan rekrutmen Indonesia yang menghubungkan perusahaan dengan kandidat berkualitas serta membantu pencari kerja menemukan peluang karier dan info loker terbaru dari berbagai industri di seluruh Indonesia.,,Dapatkan info menarik dan aktual seputar dunia kerja Panduan Lengkap Melamar Pekerjaan agar Cepat Diterima Panduan Lengkap Melamar Pekerjaan agar Cepat Diterima,admin,https://www.loker.id/tips,Loker.id,admin
Staf Admin,PT DAISEI LOG INDONESIA,PT DAISEI LOG INDONESIA,,Admin Operasional Trucking PT Layanan Interaktif Andalan PT Studio Artalenta Indonesia,admin,https://www.loker.id/lowongan-kerja/staf-admin,Loker.id,admin
Staff Accounting,PT Kenko Abadi Jaya,Kabupaten Tangerang,,Fa. Rahman Muhaimin dan Rekan PT. Larose Shukufuku Andalan PT. SARANA CEPAT LOGISTINDO,admin,https://www.loker.id/fungsi/staff-accounting,Loker.id,admin
Pemasaran Digital,PT ELUCKYGAME TECHNOLOGY ASIA,Kabupaten Tangerang,,PT ELUCKYGAME TECHNOLOGY ASIA Advertising and Creative Specialist BPR Parinama Simfoni Indonesia,admin,https://www.loker.id/lowongan-kerja/pemasaran-digital,Loker.id,admin
E-Commerce & Marketplace,PT Global Multindo Teknologi,Jakarta Utara,,Loker E-Commerce & Marketplace Admin Marketplace / E-commerce PT Global Multindo Teknologi,admin,https://www.loker.id/lowongan-kerja/e-commerce,Loker.id,admin
Administrasi Penjualan,PT Sweet Mitra Furniture,Jakarta Utara,,"Loker Administrasi Penjualan PT. Sarana Surya Indonesia, Surabaya PT GEMILANG KULINER NUSANTARA",admin,https://www.loker.id/lowongan-kerja/administrasi-penjualan,Loker.id,admin
Driver,PT Andhika Prima Jaya,Jakarta Utara,,PT. Syntera Lampro Energi PT. Alam Semesta Sanitary PT. Citra Megah Kreasindo,admin,https://www.loker.id/lowongan-kerja/driver,Loker.id,admin
Konsultan Penjualan,PT Jacks Food Indonesia,Jakarta Pusat,,Loker Konsultan Penjualan PT. Arminareka Pharmasia Pratama Sales Marketing Event Organizer di Depok,admin,https://www.loker.id/lowongan-kerja/konsultan-penjualan,Loker.id,admin
Content Marketing,PT Heiwa Asta Realty,PT. DAFANYANG ECOMMERCE INDONESIA,,PT. DAFANYANG ECOMMERCE INDONESIA Digital Marketing Officer Social Media Specialist (Content Creator),admin,https://www.loker.id/lowongan-kerja/content-marketing,Loker.id,admin
Staf HRD,PT YAFIRA DIGITAL TECHNOLOGY,Semarang,,PT YAFIRA DIGITAL TECHNOLOGY PT Classic Prima Carpet Industries Human Resources (HR) Intern,admin,https://www.loker.id/lowongan-kerja/staf-hrd,Loker.id,admin
Admin QC,PT Layanan Interaktif Andalan,"Bersedia ditempatkan di Bantul, DI Yogyakarta.",,"Sebagai Admin Quality Control (QC), Anda bertanggung jawab memastikan kualitas produk sesuai dengan standar perusahaan melalui proses pemeriksaan, pendataan, dan administrasi QC. Posisi ini juga mendukung kelancaran proses pelabelan, pengemasan, serta memastikan seluruh proses berjalan sesuai SOP dan standar mutu perusahaan. Tanggung Jawab Pekerjaan : Melakukan pemeriksaan dan pengendalian kualitas produk sesuai standar perusahaan.","Memiliki pengalaman sebagai Quality Control (QC) minimal 1 tahun (lebih diutamakan). Mampu mengoperasikan komputer, khususnya Microsoft Office.",https://www.loker.id/administrasi/staf-admin/admin-qc-spilla-jewelry-bantul.html,Loker.id,admin
Admin,PT KAOS INDO FAVORIT,Surabaya,,"Sebagai Staff Admin, Anda bertanggung jawab dalam mendukung operasional perusahaan melalui pengelolaan administrasi, pencatatan data, serta memastikan seluruh dokumen dan laporan tersusun dengan baik dan akurat. Tanggung Jawab Pekerjaan : Melakukan input dan memperbarui data operasional perusahaan.","Pendidikan minimal SMA/SMK sederajat (D3/S1 Administrasi, Manajemen, atau jurusan terkait menjadi nilai tambah). Mampu mengoperasikan komputer, terutama Microsoft Word dan Microsoft Excel. Memiliki kemampuan komunikasi yang baik.",https://www.loker.id/administrasi/staf-admin/admin-nusantara-market-surabaya.html,Loker.id,admin
Tips Loker,© 2026 LokerID by PT Loker Asli Indonesia,LokerID adalah platform lowongan kerja dan rekrutmen Indonesia yang menghubungkan perusahaan dengan kandidat berkualitas serta membantu pencari kerja menemukan peluang karier dan info loker terbaru dari berbagai industri di seluruh Indonesia.,,Dapatkan info menarik dan aktual seputar dunia kerja Panduan Lengkap Melamar Pekerjaan agar Cepat Diterima Panduan Lengkap Melamar Pekerjaan agar Cepat Diterima,D3,https://www.loker.id/tips,Loker.id,D3
Staf Admin,PT DAISEI LOG INDONESIA,PT DAISEI LOG INDONESIA,,Admin Operasional Trucking PT Layanan Interaktif Andalan PT Studio Artalenta Indonesia,D3,https://www.loker.id/lowongan-kerja/staf-admin,Loker.id,D3
Staff Accounting,PT Kenko Abadi Jaya,Kabupaten Tangerang,,Fa. Rahman Muhaimin dan Rekan PT. Larose Shukufuku Andalan PT. SARANA CEPAT LOGISTINDO,D3,https://www.loker.id/fungsi/staff-accounting,Loker.id,D3
Pemasaran Digital,PT ELUCKYGAME TECHNOLOGY ASIA,Kabupaten Tangerang,,PT ELUCKYGAME TECHNOLOGY ASIA Advertising and Creative Specialist BPR Parinama Simfoni Indonesia,D3,https://www.loker.id/lowongan-kerja/pemasaran-digital,Loker.id,D3
E-Commerce & Marketplace,PT Global Multindo Teknologi,Jakarta Utara,,Loker E-Commerce & Marketplace Admin Marketplace / E-commerce PT Global Multindo Teknologi,D3,https://www.loker.id/lowongan-kerja/e-commerce,Loker.id,D3
Administrasi Penjualan,PT Sweet Mitra Furniture,Jakarta Utara,,"Loker Administrasi Penjualan PT. Sarana Surya Indonesia, Surabaya PT GEMILANG KULINER NUSANTARA",D3,https://www.loker.id/lowongan-kerja/administrasi-penjualan,Loker.id,D3
Driver,PT Andhika Prima Jaya,Jakarta Utara,,PT. Syntera Lampro Energi PT. Alam Semesta Sanitary PT. Citra Megah Kreasindo,D3,https://www.loker.id/lowongan-kerja/driver,Loker.id,D3
Konsultan Penjualan,PT Jacks Food Indonesia,Jakarta Pusat,,Loker Konsultan Penjualan PT. Arminareka Pharmasia Pratama Sales Marketing Event Organizer di Depok,D3,https://www.loker.id/lowongan-kerja/konsultan-penjualan,Loker.id,D3
Content Marketing,PT Heiwa Asta Realty,PT. DAFANYANG ECOMMERCE INDONESIA,,PT. DAFANYANG ECOMMERCE INDONESIA Digital Marketing Officer Social Media Specialist (Content Creator),D3,https://www.loker.id/lowongan-kerja/content-marketing,Loker.id,D3
Staf HRD,PT YAFIRA DIGITAL TECHNOLOGY,Semarang,,PT YAFIRA DIGITAL TECHNOLOGY PT Classic Prima Carpet Industries Human Resources (HR) Intern,D3,https://www.loker.id/lowongan-kerja/staf-hrd,Loker.id,D3
Jakarta,PT IMBARU KARYA GEMILANG,DKI Jakarta,,Penerjemah Bahasa Mandarin Snowy Stationery - Toko Senang Hati Admin Marketplace / E-commerce,D3,https://www.loker.id/lokasi-pekerjaan/jakarta,Loker.id,D3
Bekasi,PT DAISEI LOG INDONESIA,Bekasi,,Admin Operasional Trucking PT. Mustika Grahasurya Persada Bimbingan Belajar QUEEN BEE,Guru Pendidikan Usia Dini Guru Pendidikan Usia Dini Guru Pendidikan Usia Dini,https://www.loker.id/lokasi-pekerjaan/bekasi,Loker.id,D3
Tips Loker,© 2026 LokerID by PT Loker Asli Indonesia,LokerID adalah platform lowongan kerja dan rekrutmen Indonesia yang menghubungkan perusahaan dengan kandidat berkualitas serta membantu pencari kerja menemukan peluang karier dan info loker terbaru dari berbagai industri di seluruh Indonesia.,,Dapatkan info menarik dan aktual seputar dunia kerja Panduan Lengkap Melamar Pekerjaan agar Cepat Diterima Panduan Lengkap Melamar Pekerjaan agar Cepat Diterima,manado,https://www.loker.id/tips,Loker.id,manado
Staf Admin,PT DAISEI LOG INDONESIA,PT DAISEI LOG INDONESIA,,Admin Operasional Trucking PT Layanan Interaktif Andalan PT Studio Artalenta Indonesia,manado,https://www.loker.id/lowongan-kerja/staf-admin,Loker.id,manado
Staff Accounting,PT Kenko Abadi Jaya,Kabupaten Tangerang,,Fa. Rahman Muhaimin dan Rekan PT. Larose Shukufuku Andalan PT. SARANA CEPAT LOGISTINDO,manado,https://www.loker.id/fungsi/staff-accounting,Loker.id,manado
Pemasaran Digital,PT ELUCKYGAME TECHNOLOGY ASIA,Kabupaten Tangerang,,PT ELUCKYGAME TECHNOLOGY ASIA Advertising and Creative Specialist BPR Parinama Simfoni Indonesia,manado,https://www.loker.id/lowongan-kerja/pemasaran-digital,Loker.id,manado
E-Commerce & Marketplace,PT Global Multindo Teknologi,Jakarta Utara,,Loker E-Commerce & Marketplace Admin Marketplace / E-commerce PT Global Multindo Teknologi,manado,https://www.loker.id/lowongan-kerja/e-commerce,Loker.id,manado
Administrasi Penjualan,PT Sweet Mitra Furniture,Jakarta Utara,,"Loker Administrasi Penjualan PT. Sarana Surya Indonesia, Surabaya PT GEMILANG KULINER NUSANTARA",manado,https://www.loker.id/lowongan-kerja/administrasi-penjualan,Loker.id,manado
Driver,PT Andhika Prima Jaya,Jakarta Utara,,PT. Syntera Lampro Energi PT. Alam Semesta Sanitary PT. Citra Megah Kreasindo,manado,https://www.loker.id/lowongan-kerja/driver,Loker.id,manado
Konsultan Penjualan,PT Jacks Food Indonesia,Jakarta Pusat,,Loker Konsultan Penjualan PT. Arminareka Pharmasia Pratama Sales Marketing Event Organizer di Depok,manado,https://www.loker.id/lowongan-kerja/konsultan-penjualan,Loker.id,manado
Content Marketing,PT Heiwa Asta Realty,PT. DAFANYANG ECOMMERCE INDONESIA,,PT. DAFANYANG ECOMMERCE INDONESIA Digital Marketing Officer Social Media Specialist (Content Creator),manado,https://www.loker.id/lowongan-kerja/content-marketing,Loker.id,manado
Staf HRD,PT YAFIRA DIGITAL TECHNOLOGY,Semarang,,PT YAFIRA DIGITAL TECHNOLOGY PT Classic Prima Carpet Industries Human Resources (HR) Intern,manado,https://www.loker.id/lowongan-kerja/staf-hrd,Loker.id,manado
Jakarta,PT IMBARU KARYA GEMILANG,DKI Jakarta,,Penerjemah Bahasa Mandarin Snowy Stationery - Toko Senang Hati Admin Marketplace / E-commerce,manado,https://www.loker.id/lokasi-pekerjaan/jakarta,Loker.id,manado
Bekasi,PT DAISEI LOG INDONESIA,Bekasi,,Admin Operasional Trucking PT. Mustika Grahasurya Persada Bimbingan Belajar QUEEN BEE,Guru Pendidikan Usia Dini Guru Pendidikan Usia Dini Guru Pendidikan Usia Dini,https://www.loker.id/lokasi-pekerjaan/bekasi,Loker.id,manado
